"Round","Pick","Player","Name","Team","Position","College","year"
"Round","Pick","Player","Name","Team","Position","College",2011
"1","1","1","Cam Newton","Panthers","QB","Auburn",2011
"","2","2","Von Miller","Broncos","LB","Texas A&M",2011
"","3","3","Marcell Dareus","Bills","DT","Alabama",2011
"","4","4","A.J. Green","Bengals","WR","Georgia",2011
"","5","5","Patrick Peterson","Cardinals","DB","Louisiana State",2011
"","6","6","Julio Jones","Falcons","WR","Alabama",2011
"","7","7","Aldon Smith","49ers","DE","Missouri",2011
"","8","8","Jake Locker","Titans","QB","Washington",2011
"","9","9","Tyron Smith","Cowboys","T","USC",2011
"","10","10","Blaine Gabbert","Jaguars","QB","Missouri",2011
"","11","11","J.J. Watt","Texans","DE","Wisconsin",2011
"","12","12","Christian Ponder","Vikings","QB","Florida State",2011
"","13","13","Nick Fairley","Lions","DT","Auburn",2011
"","14","14","Robert Quinn","Rams","DE","North Carolina",2011
"","15","15","Mike Pouncey","Dolphins","G","Florida",2011
"","16","16","Ryan Kerrigan","Redskins","LB","Purdue",2011
"","17","17","Nate Solder","Patriots","T","Colorado",2011
"","18","18","Corey Liuget","Chargers","DT","Illinois",2011
"","19","19","Prince Amukamara","Giants","DB","Nebraska",2011
"","20","20","Adrian Clayborn","Buccaneers","DE","Iowa",2011
"","21","21","Phil Taylor","Browns","DT","Baylor",2011
"","22","22","Anthony Castonzo","Colts","T","Boston College",2011
"","23","23","Danny Watkins","Eagles","G","Baylor",2011
"","24","24","Cameron Jordan","Saints","DE","California",2011
"","25","25","James Carpenter","Seahawks","T","Alabama",2011
"","26","26","Jon Baldwin","Chiefs","WR","Pittsburgh",2011
"","27","27","Jimmy Smith","Ravens","DB","Colorado",2011
"","28","28","Mark Ingram","Saints","RB","Alabama",2011
"","29","29","Gabe Carimi","Bears","T","Wisconsin",2011
"","30","30","Muhammad Wilkerson","Jets","DT","Temple",2011
"","31","31","Cameron Hayward","Steelers","DE","Ohio State",2011
"","32","32","Derek Sherrod","Packers","T","Mississippi State",2011
"2","1","33","Ras-I Dowling","Patriots","DB","Virginia",2011
"","2","34","Aaron Williams","Bills","DB","Texas",2011
"","3","35","Andy Dalton","Bengals","QB","Texas Christian",2011
"","4","36","Colin Kaepernick","49ers","QB","Nevada",2011
"","5","37","Jabaal Sheard","Browns","DE","Pittsburgh",2011
"","6","38","Ryan Williams","Cardinals","RB","Virginia Tech",2011
"","7","39","Akeem Ayers","Titans","LB","UCLA",2011
"","8","40","Bruce Carter","Cowboys","LB","North Carolina",2011
"","9","41","Jarvis Jenkins","Redskins","DT","Clemson",2011
"","10","42","Brooks Reed","Texans","DE","Arizona",2011
"","11","43","Kyle Rudolph","Vikings","TE","Notre Dame",2011
"","12","44","Titus Young","Lions","WR","Boise State",2011
"","13","45","Rahim Moore","Broncos","DB","UCLA",2011
"","14","46","Orlando Franklin","Broncos","T","Miami (FL)",2011
"","15","47","Lance Kendricks","Rams","TE","Wisconsin",2011
"","16","48","Stefan Wisniewki","Raiders","C","Penn State",2011
"","17","49","Benjamin Ijalana","Colts","T","Villanova",2011
"","18","50","Marcus Gilchrist","Chargers","DB","Clemson",2011
"","19","51","Da'Quan Bowers","Buccaneers","DE","Clemson",2011
"","20","52","Marvin Austin","Giants","DT","North Carolina",2011
"","21","53","Stephen Paea","Bears","DT","Oregon State",2011
"","22","54","Jaiquawn Jarrett","Eagles","DB","Temple",2011
"","23","55","Rodney Hudson","Chiefs","C","Florida State",2011
"","24","56","Shane Vereen","Patriots","RB","California",2011
"","25","57","Mikel Leshoure","Lions","RB","Illinois",2011
"","26","58","Torrey Smith","Ravens","WR","Maryland",2011
"","27","59","Greg Little","Browns","WR","North Carolina",2011
"","28","60","Brandon Harris","Texans","DB","Miami (FL)",2011
"","29","61","Jonas Mouton","Chargers","LB","Michigan",2011
"","30","62","Daniel Thomas","Dolphins","RB","Kansas State",2011
"","31","63","Marcus Gilbert","Steelers","T","Florida",2011
"","32","64","Randall Cobb","Packers","WR","Kentucky",2011
"3","1","65","Terrell McClain","Panthers","DT","South Florida",2011
"","2","66","Dontay Moch","Bengals","LB","Nevada",2011
"","3","67","Nate Irving","Broncos","LB","North Carolina State",2011
"","4","68","Kelvin Sheppard","Bills","LB","Louisiana State",2011
"","5","69","Robert Housler","Cardinals","TE","Florida Atlantic",2011
"","6","70","Justin Houston","Chiefs","DE","Georgia",2011
"","7","71","Demarco Murray","Cowboys","RB","Oklahoma",2011
"","8","72","Martez Wilson","Saints","LB","Illinois",2011
"","9","73","Stevan Ridley","Patriots","RB","Louisiana State",2011
"","10","74","Ryan Mallett","Patriots","QB","Arkansas",2011
"","11","75","John Moffitt","Seahawks","G","Wisconsin",2011
"","12","76","William Rackley","Jaguars","G","Lehigh",2011
"","13","77","Jurrell Casey","Titans","DT","USC",2011
"","14","78","Austin Pettis","Rams","WR","Boise State",2011
"","15","79","Leonard Hankerson","Redskins","WR","Miami (FL)",2011
"","16","80","Chris Culliver","49ers","DB","South Carolina",2011
"","17","81","Demarcus Van Dyke","Raiders","DB","Miami (FL)",2011
"","18","82","Vincent Brown","Chargers","WR","San Diego State",2011
"","19","83","Jerrel Jernigan","Giants","WR","Troy",2011
"","20","84","Mason Foster","Buccaneers","LB","Washington",2011
"","21","85","Jah Reid","Ravens","T","Central Florida",2011
"","22","86","Allen Bailey","Chiefs","DE","Miami (FL)",2011
"","23","87","Drake Nevis","Colts","DT","Louisiana State",2011
"","24","88","Johnny Patrick","Saints","DB","Louisville",2011
"","25","89","Shareece Wright","Chargers","DB","USC",2011
"","26","90","Curtis Marsh","Eagles","DB","Utah State",2011
"","27","91","Akeem Dent","Falcons","LB","Georgia",2011
"","28","92","Joseph Barksdale","Raiders","T","Louisiana State",2011
"","29","93","Chris Conte","Bears","DB","California",2011
"","30","94","Kenrick Ellis","Jets","DT","Hampton",2011
"","31","95","Curtis Brown","Steelers","DB","Texas",2011
"","32","96","Alex Green","Packers","RB","Hawaii",2011
"","33","97","Slone Fua","Panthers","DT","Stanford",2011
"4","1","98","Brandon Hogan","Panthers","DB","West Virginia",2011
"","2","99","K.J. Wright","Seahawks","LB","Mississippi State",2011
"","3","100","Da'Norris Searcy","Bills","DB","North Carolina",2011
"","4","101","Clint Boling","Bengals","G","Georgia",2011
"","5","102","Jordan Cameron","Browns","TE","USC",2011
"","6","103","Sam Acho","Cardinals","LB","Texas",2011
"","7","104","Luke Stocker","Buccaneers","TE","Tennessee",2011
"","8","105","Roy Helu","Redskins","RB","Nebraska",2011
"","9","106","Christian Ballard","Vikings","DT","Iowa",2011
"","10","107","Kris Durham","Seahawks","WR","Georgia",2011
"","11","108","Quinton Carter","Broncos","DB","Oklahoma",2011
"","12","109","Colin McCarthy","Titans","LB","Miami (FL)",2011
"","13","110","David Arking","Cowboys","G","Missouri State",2011
"","14","111","Edmond Gates","Dolphins","WR","Abilene Christian",2011
"","15","112","Greg Salas","Rams","WR","Hawaii",2011
"","16","113","Chimdi Chekwa","Raiders","DB","Ohio State",2011
"","17","114","Cecil Shorts","Jaguars","WR","Mount Union",2011
"","18","115","Kendall Hunter","49ers","RB","Oklahoma State",2011
"","19","116","Casey Matthews","Eagles","LB","Oregon",2011
"","20","117","James Brewer","Giants","T","Indiana",2011
"","21","118","Jalil Brown","Chiefs","DB","Colorado",2011
"","22","119","Delone Carter","Colts","RB","Syracuse",2011
"","23","120","Alex Henery","Eagles","K","Nebraska",2011
"","24","121","Chris Prosinski","Jaguars","DB","Wyoming",2011
"","25","122","Chris Hairston","Bills","T","Clemson",2011
"","26","123","Tandon Doss","Ravens","WR","Indiana",2011
"","27","124","Owen Marecic","Browns","RB","Stanford",2011
"","28","125","Taiwan Jones","Raiders","RB","Eastern Washington",2011
"","29","126","Bilal Powell","Jets","RB","Louisville",2011
"","30","127","Rashad Carmichael","Texans","DB","Virginia Tech",2011
"","31","128","Cortez Allen","Steelers","DB","Citadel",2011
"","32","129","Julius Thomas","Broncos","TE","Portland State",2011
"","33","130","Jamie Harper","Titans","RB","Clemson",2011
"","34","131","Davon House","Packers","DB","New Mexico State",2011
"5","1","132","Kealoha Pilares","Panthers","WR","Hawaii",2011
"","2","133","Johnny White","Bills","RB","North Carolina",2011
"","3","134","Robert Sands","Bengals","DB","West Virginia",2011
"","4","135","Ricky Stanzi","Chiefs","QB","Iowa",2011
"","5","136","Anthony Sherman","Cardinals","RB","Connecticut",2011
"","6","137","Buster Skrine","Browns","DB","Tennessee-Chattanooga",2011
"","7","138","Marcus Cannon","Patriots","T","Texas Christian",2011
"","8","139","Brandon Burton","Vikings","DB","Utah",2011
"","9","140","Gabe Miller","Chiefs","LB","Oregon State",2011
"","10","141","D.J. Williams","Packers","TE","Arkansas",2011
"","11","142","Karl Klug","Titans","DT","Iowa",2011
"","12","143","Josh Thomas","Cowboys","DB","Buffalo",2011
"","13","144","Shiloh Keo","Texans","DB","Idaho",2011
"","14","145","Jacquizz Rodgers","Falcons","RB","Oregon State",2011
"","15","146","Dejon Gomes","Redskins","DB","Nebraska",2011
"","16","147","Rod Isaac","Jaguars","DB","Middle Tennessee State",2011
"","17","148","Denarius Moore","Raiders","WR","Tennessee",2011
"","18","149","Dion Lewis","Eagles","RB","Pittsburgh",2011
"","19","150","Jason Pinkston","Browns","T","Pittsburgh",2011
"","20","151","Ahmad Black","Buccaneers","DB","Florida",2011
"","21","152","T.J. Yates","Texans","QB","North Carolina",2011
"","22","153","Jeremy Kerley","Jets","WR","Texas Christian",2011
"","23","154","Richard Sherman","Seahawks","DB","Stanford",2011
"","24","155","Niles Paul","Redskins","WR","Nebraska",2011
"","25","156","Mark Legree","Seahawks","DB","Appalachian State",2011
"","26","157","Douglas Hogue","Lions","LB","Syracuse",2011
"","27","158","Jermale Hines","Rams","DB","Ohio State",2011
"","28","159","Lee Smith","Patriots","TE","Marshall",2011
"","29","160","Nathan Enderle","Bears","QB","Idaho",2011
"","30","161","Julian Vandervele","Eagles","G","Iowa",2011
"","31","162","Chris Carter","Steelers","LB","Fresno State",2011
"","32","163","Daniel Kilgore","49ers","G","Appalachian State",2011
"","33","164","Chykie Brown","Ravens","DB","Texas",2011
"","34","165","Pernell McPhee","Ravens","DE","Mississippi State",2011
"6","1","166","Lawrence Wilson","Panthers","LB","Connecticut",2011
"","2","167","Ryan Whelan","Bengals","WR","Stanford",2011
"","3","168","Demarcus Love","Vikings","G","Arkansas",2011
"","4","169","Chris White","Bills","LB","Mississippi State",2011
"","5","170","Mistral Raymond","Vikings","DB","South Florida",2011
"","6","171","Quan Sturdivant","Cardinals","LB","North Carolina",2011
"","7","172","Brandon Fusco","Vikings","C","Slippery Rock",2011
"","8","173","Byron Maxwell","Seahawks","DB","Clemson",2011
"","9","174","Charles Clay","Dolphins","TE","Tulsa",2011
"","10","175","Byron Stingily","Titans","T","Louisville",2011
"","11","176","Dwayne Harris","Cowboys","WR","East Carolina",2011
"","12","177","Evan Royster","Redskins","RB","Penn State",2011
"","13","178","Aldrick Robinson","Redskins","WR","Southern Methodist",2011
"","14","179","Caleb Schlauderaff","Packers","G","Utah",2011
"","15","180","Tyrod Taylor","Ravens","QB","Virginia Tech",2011
"","16","181","Richard Gordon","Raiders","TE","Miami (FL)",2011
"","17","182","Ronald Johnson","49ers","WR","USC",2011
"","18","183","Jordan Todman","Chargers","RB","Connecticut",2011
"","19","184","David Carter","Cardinals","DT","UCLA",2011
"","20","185","Greg Jones","Giants","LB","Michigan State",2011
"","21","186","D.J. Smith","Packers","LB","Appalachian State",2011
"","22","187","Allen Bradford","Buccaneers","RB","USC",2011
"","23","188","Chris Rucker","Colts","DB","Michigan State",2011
"","24","189","Mike Mohamed","Broncos","LB","California",2011
"","25","190","Colin Jones","49ers","DB","Texas Christian",2011
"","26","191","Jason Kelce","Eagles","C","Cincinnati",2011
"","27","192","Matt Bosher","Falcons","K","Miami (FL)",2011
"","28","193","Brian Rolle","Eagles","LB","Ohio State",2011
"","29","194","Markell Carter","Patriots","LB","Central Arkansas",2011
"","30","195","James Thomas","Bears","LB","West Virginia",2011
"","31","196","Keith Williams","Steelers","G","Nebraska",2011
"","32","197","Ricky Elmore","Packers","DE","Arizona",2011
"","33","198","Tyler Sash","Giants","DB","Iowa",2011
"","34","199","Jerrell Powe","Chiefs","DT","Mississippi",2011
"","35","200","Ross Homan","Vikings","LB","Ohio State",2011
"","36","201","Stephen Schilling","Chargers","G","Michigan",2011
"","37","202","Jacquian Williams","Giants","LB","South Florida",2011
"","38","203","Zach Williams","Panthers","C","Washington State",2011
"7","1","204","Virgil Green","Broncos","TE","Nevada",2011
"","2","205","Lazarius Levingston","Seahawks","DE","Louisiana State",2011
"","3","206","Justin Rogers","Bills","DB","Richmond",2011
"","4","207","Korey Lindsey","Bengals","DB","Southern Illinois",2011
"","5","208","Greg McElroy","Jets","QB","Alabama",2011
"","6","209","Johnny Culbreath","Lions","T","South Carolina State",2011
"","7","210","Andrew Jackson","Falcons","G","Fresno State",2011
"","8","211","Bruce Miller","49ers","LB","Central Florida",2011
"","9","212","Zach Clayton","Titans","DT","Auburn",2011
"","10","213","Brandyn Thompson","Redskins","DB","Boise State",2011
"","11","214","Derek Newton","Texans","T","Arkansas State",2011
"","12","215","D'Aundre Reed","Vikings","DE","Arizona",2011
"","13","216","Mikail Baker","Rams","DB","Baylor",2011
"","14","217","Maurice Hurt","Redskins","G","Florida",2011
"","15","218","Ryan Taylor","Packers","TE","North Carolina",2011
"","16","219","Malcolm Williams","Patriots","DB","Texas Christian",2011
"","17","220","Shaun Chapas","Cowboys","RB","Georgia",2011
"","18","221","Da'Rel Scott","Giants","RB","Maryland",2011
"","19","222","Anthony Gaitor","Buccaneers","DB","Florida International",2011
"","20","223","Shane Bannon","Chiefs","RB","Yale",2011
"","21","224","Markus White","Redskins","DE","Florida State",2011
"","22","225","Anthony Allen","Ravens","RB","Georgia Tech",2011
"","23","226","Greg Romeus","Saints","DE","Pittsburgh",2011
"","24","227","Scotty McKnight","Jets","WR","Colorado",2011
"","25","228","Jabara Williams","Rams","LB","Stephen F. Austin",2011
"","26","229","Jonathan Nelson","Rams","DB","Oklahoma",2011
"","27","230","Cliff Matthews","Falcons","DE","South Carolina",2011
"","28","231","Frank Kearse","Dolphins","DT","Alabama A&M",2011
"","29","232","Baron Batch","Steelers","RB","Texas Tech",2011
"","30","233","Lawrence Guy","Packers","DT","Arizona State",2011
"","31","234","Andrew Gachkar","Chargers","LB","Missouri",2011
"","32","235","Jimmy Wilson","Dolphins","DB","Montana",2011
"","33","236","Stephen Burton","Vikings","WR","West Texas A&M",2011
"","34","237","Greg Lloyd","Eagles","LB","Connecticut",2011
"","35","238","Daniel Hard","Buccaneers","TE","Idaho",2011
"","36","239","Michael Person","49ers","G","Montana State",2011
"","37","240","Stanley Havili","Eagles","RB","USC",2011
"","38","241","David Ausberry","Raiders","WR","USC",2011
"","39","242","Malcolm Smith","Seahawks","LB","USC",2011
"","40","243","Nate Bussey","Saints","LB","Illinois",2011
"","41","244","Lee Ziemba","Panthers","T","Auburn",2011
"","42","245","Michael Jasper","Bills","DT","Bethel",2011
"","43","246","Jay Finlay","Bengals","RB","Baylor",2011
"","44","247","Jeremy Beal","Broncos","DE","Oklahoma",2011
"","45","248","Eric Hagg","Browns","DB","Nebraska",2011
"","46","249","Demarco Sampson","Cardinals","WR","San Diego State",2011
"","47","250","Curtis Holcomb","49ers","DB","Florida A&M",2011
"","48","251","Tommie Campbell","Titans","DB","California (PA)",2011
"","49","252","Bill Nagy","Cowboys","C","Wisconsin",2011
"","50","253","Chris Neild","Redskins","DT","West Virginia",2011
"","51","254","Cheta Ozougwu","Texans","DE","Rice",2011
"Round","Pick","Player","Name","Team","Position","College",2012
"1","1","1","Andrew Luck","Colts","QB","Stanford",2012
"","2","2","Robert Griffin III","Redskins","QB","Baylor",2012
"","3","3","Trent Richardson","Browns","RB","Alabama",2012
"","4","4","Matt Kalil","Vikings","T","USC",2012
"","5","5","Justin Blackmon","Jaguars","WR","Oklahoma State",2012
"","6","6","Morris Claiborne","Cowboys","DB","Louisiana State",2012
"","7","7","Mark Barron","Buccaneers","DB","Alabama",2012
"","8","8","Ryan Tannehill","Dolphins","QB","Texas A&M",2012
"","9","9","Luke Kuechly","Panthers","LB","Boston College",2012
"","10","10","Stephon Gilmore","Bills","DB","South Carolina",2012
"","11","11","Dontari Poe","Chiefs","DT","Memphis",2012
"","12","12","Fletcher Cox","Eagles","DT","Mississippi State",2012
"","13","13","Michael Floyd","Cardinals","WR","Notre Dame",2012
"","14","14","Michael Brockers","Rams","DT","Louisiana State",2012
"","15","15","Bruce Irvin","Seahawks","DE","West Virginia",2012
"","16","16","Quinton Coples","Jets","DE","North Carolina",2012
"","17","17","Dre Kirkpatrick","Bengals","DB","Alabama",2012
"","18","18","Melvin Ingram","Chargers","DE","South Carolina",2012
"","19","19","Shea McClellin","Bears","DE","Boise State",2012
"","20","20","Kendall Wright","Titans","WR","Baylor",2012
"","21","21","Chandler Jones","Patriots","DE","Syracuse",2012
"","22","22","Brandon Weeden","Browns","QB","Oklahoma State",2012
"","23","23","Riley Reiff","Lions","T","Iowa",2012
"","24","24","David DeCastro","Steelers","G","Stanford",2012
"","25","25","Dont'a Hightower","Patriots","LB","Alabama",2012
"","26","26","Whitney Mercilus","Texans","DE","Illinois",2012
"","27","27","Kevin Zeitler","Bengals","G","Wisconsin",2012
"","28","28","Nick Perry","Packers","DE","USC",2012
"","29","29","Harrison Smith","Vikings","DB","Notre Dame",2012
"","30","30","A.J. Jenkins","49ers","WR","Illinois",2012
"","31","31","Doug Martin","Buccaneers","RB","Boise State",2012
"","32","32","David Wilson","Giants","RB","Virginia Tech",2012
"2","1","33","Brian Quick","Rams","WR","Appalachian State",2012
"","2","34","Coby Fleener","Colts","TE","Stanford",2012
"","3","35","Courtney Upshaw","Ravens","LB","Alabama",2012
"","4","36","Derek Wolfe","Broncos","DT","Cincinnati",2012
"","5","37","Mitchell Schwartz","Browns","T","California",2012
"","6","38","Andre Branch","Jaguars","DE","Clemson",2012
"","7","39","Janoris Jenkins","Rams","DB","North Alabama",2012
"","8","40","Amini Silatolu","Panthers","T","Midwestern State (TX)",2012
"","9","41","Cordy Glenn","Bills","T","Georgia",2012
"","10","42","Jonathan Martin","Dolphins","T","Stanford",2012
"","11","43","Stephen Hill","Jets","WR","Georgia Tech",2012
"","12","44","Jeff Allen","Chiefs","T","Illinois",2012
"","13","45","Alshon Jeffery","Bears","WR","South Carolina",2012
"","14","46","Mychal Kendricks","Eagles","LB","California",2012
"","15","47","Bobby Wagner","Seahawks","LB","Utah State",2012
"","16","48","Tavon Wilson","Patriots","DB","Illinois",2012
"","17","49","Kendall Reyes","Chargers","DT","Connecticut",2012
"","18","50","Isaiah Pead","Rams","RB","Cincinnati",2012
"","19","51","Jerel Worthy","Packers","DT","Michigan State",2012
"","20","52","Zach Brown","Titans","LB","North Carolina",2012
"","21","53","Devon Still","Bengals","DT","Penn State",2012
"","22","54","Ryan Broyles","Lions","WR","Oklahoma",2012
"","23","55","Peter Konz","Falcons","C","Wisconsin",2012
"","24","56","Mike Adams","Steelers","T","Ohio State",2012
"","25","57","Brock Osweiler","Broncos","QB","Arizona State",2012
"","26","58","Lavonte David","Buccaneers","LB","Nebraska",2012
"","27","59","Vinny Curry","Eagles","DE","Marshall",2012
"","28","60","Kelechi Osemele","Ravens","T","Iowa State",2012
"","29","61","LaMichael James","49ers","RB","Oregon",2012
"","30","62","Casey Hayward","Packers","DB","Vanderbilt",2012
"","31","63","Rueben Randle","Giants","WR","Louisiana State",2012
"3","1","64","Dwayne Allen","Colts","TE","Clemson",2012
"","2","65","Trumaine Johnson","Rams","DB","Montana",2012
"","3","66","Josh Robinson","Vikings","DB","Central Florida",2012
"","4","67","Ronnie Hillman","Broncos","RB","San Diego State",2012
"","5","68","Devier Posey","Texans","WR","Ohio State",2012
"","6","69","T.J. Graham","Bills","WR","North Carolina State",2012
"","7","70","Bryan Anger","Jaguars","P","California",2012
"","8","71","Josh Leribeus","Redskins","G","Southern Methodist",2012
"","9","72","Olivier Vernon","Dolphins","DE","Miami (FL)",2012
"","10","73","Brandon Taylor","Chargers","DB","Louisiana State",2012
"","11","74","Donald Stephenson","Chiefs","T","Oklahoma",2012
"","12","75","Russell Wilson","Seahawks","QB","Wisconsin",2012
"","13","76","Brandon Brooks","Texans","G","Miami (OH)",2012
"","14","77","Demario Davis","Jets","LB","Arkansas State",2012
"","15","78","Michael Egnew","Dolphins","TE","Missouri",2012
"","16","79","Brandon Hardin","Bears","DB","Oregon State",2012
"","17","80","Jamell Fleming","Cardinals","DB","Oklahoma",2012
"","18","81","Tyrone Crawford","Cowboys","DE","Boise State",2012
"","19","82","Mike Martin","Titans","DT","Michigan",2012
"","20","83","Mohamed Sanu","Bengals","WR","Rutgers",2012
"","21","84","Bernard Pierce","Ravens","RB","Temple",2012
"","22","85","Dwight Bentley","Lions","DB","Louisiana-Lafayette",2012
"","23","86","Sean Spence","Steelers","LB","Miami (FL)",2012
"","24","87","John Hughes","Browns","DT","Cincinnati",2012
"","25","88","Nick Foles","Eagles","QB","Arizona",2012
"","26","89","Akiem Hicks","Saints","DE","Regina",2012
"","27","90","Jake Bequette","Patriots","DE","Arkansas",2012
"","28","91","Lamar Holmes","Falcons","T","Southern Mississippi",2012
"","29","92","T.Y. Hilton","Colts","WR","Florida International",2012
"","30","93","Brandon Thompson","Bengals","DT","Clemson",2012
"","31","94","Jayron Hosley","Giants","DB","Virginia Tech",2012
"","32","95","Tony Bergstrom","Raiders","G","Utah",2012
"4","1","96","Chris Givens","Rams","WR","Wake Forest",2012
"","2","97","Lamar Miller","Dolphins","RB","Miami (FL)",2012
"","3","98","Gino Gradkowski","Ravens","G","Delaware",2012
"","4","99","Ben Jones","Texans","C","Georgia",2012
"","5","100","Travis Benjamin","Browns","WR","Miami (FL)",2012
"","6","101","Omar Bolden","Broncos","DB","Arizona State",2012
"","7","102","Kirk Cousins","Redskins","QB","Michigan State",2012
"","8","103","Frank Alexander","Panthers","DE","Oklahoma",2012
"","9","104","Joe Adams","Panthers","WR","Arkansas",2012
"","10","105","Nigel Bradham","Bills","LB","Florida State",2012
"","11","106","Robert Turbin","Seahawks","RB","Utah State",2012
"","12","107","Devon Wylie","Chiefs","WR","Fresno State",2012
"","13","108","Philip Blake","Broncos","C","Baylor",2012
"","14","109","Alameda Ta'amu","Steelers","DT","Washington",2012
"","15","110","Ladarius Green","Chargers","TE","Louisiana-Lafayette",2012
"","16","111","Evan Rodriguez","Bears","TE","Temple",2012
"","17","112","Bobby Massie","Cardinals","T","Mississippi",2012
"","18","113","Kyle Wilber","Cowboys","LB","Wake Forest",2012
"","19","114","Jaye Howard","Seahawks","DT","Florida",2012
"","20","115","Coty Sensabaugh","Titans","DB","Clemson",2012
"","21","116","Orson Charles","Bengals","TE","Georgia",2012
"","22","117","Joe Looney","49ers","G","Wake Forest",2012
"","23","118","Jarius Wright","Vikings","WR","Arkansas",2012
"","24","119","Keenan Robinson","Redskins","LB","Texas",2012
"","25","120","James-Michael Johnson","Browns","LB","Nevada",2012
"","26","121","Keshawn Martin","Texans","WR","Michigan State",2012
"","27","122","Nick Toon","Saints","WR","Wisconsin",2012
"","28","123","Brandon Boykin","Eagles","DB","Georgia",2012
"","29","124","Ron Brooks","Bills","DB","Louisiana State",2012
"","30","125","Ronnell Lewis","Lions","LB","Oklahoma",2012
"","31","126","Jared Crick","Texans","DT","Nebraska",2012
"","32","127","Adrien Robinson","Giants","TE","Cincinnati",2012
"","33","128","Rhett Ellison","Vikings","RB","USC",2012
"","34","129","Miles Burris","Raiders","LB","San Diego State",2012
"","35","130","Christian Thompson","Ravens","DB","South Carolina State",2012
"","36","131","Brandon Mosley","Giants","T","Auburn",2012
"","37","132","Mike Daniels","Packers","DT","Iowa",2012
"","38","133","Jeron McMillian","Packers","DB","Maine",2012
"","39","134","Greg Childs","Vikings","WR","Arkansas",2012
"","40","135","Matt Johnson","Cowboys","DB","Eastern Washington",2012
"5","1","136","Josh Chapman","Colts","DT","Alabama",2012
"","2","137","Malik Jackson","Broncos","DT","Tennessee",2012
"","3","138","Tahir Whitehead","Lions","LB","Temple",2012
"","4","139","Robert Blanton","Vikings","DB","Notre Dame",2012
"","5","140","Najee Goode","Buccaneers","LB","West Virginia",2012
"","6","141","Adam Gettis","Redskins","G","Iowa",2012
"","7","142","Brandon Marshall","Jaguars","LB","Nevada",2012
"","8","143","Josh Norman","Panthers","DB","Coastal Carolina",2012
"","9","144","Zebrie Sanders","Bills","T","Florida State",2012
"","10","145","Taylor Thompson","Titans","TE","Southern Methodist",2012
"","11","146","DeQuan Menzie","Chiefs","DB","Alabama",2012
"","12","147","Tank Carder","Bills","LB","Texas Christian",2012
"","13","148","Chris Greenwood","Lions","DB","Albion",2012
"","14","149","Johnnie Troutman","Chargers","G","Penn State",2012
"","15","150","Rokevious Watkins","Rams","T","South Carolina",2012
"","16","151","Senio Kelemete","Cardinals","T","Washington",2012
"","17","152","Danny Coale","Cowboys","WR","Virginia Tech",2012
"","18","153","Dennis Kelly","Eagles","T","Purdue",2012
"","19","154","Korey Toomer","Seahawks","LB","Idaho",2012
"","20","155","Josh Kaddu","Dolphins","LB","Oregon",2012
"","21","156","Shaun Prater","Bengals","DB","Iowa",2012
"","22","157","Bradie Ewing","Falcons","RB","Wisconsin",2012
"","23","158","Jack Crawford","Raiders","DE","Penn State",2012
"","24","159","Chris Rainey","Steelers","RB","Florida",2012
"","25","160","Ryan Miller","Browns","G","Colorado",2012
"","26","161","Randy Bullock","Texans","K","Texas A&M",2012
"","27","162","Corey White","Saints","DB","Samford",2012
"","28","163","Terrell Manning","Packers","LB","North Carolina State",2012
"","29","164","Jonathan Massaquoi","Falcons","DE","Troy",2012
"","30","165","Darius Fleming","49ers","LB","Notre Dame",2012
"","31","166","Marvin Jones","Bengals","WR","California",2012
"","32","167","George Iloka","Bengals","DB","Boise State",2012
"","33","168","Juron Criner","Raiders","WR","Arizona",2012
"","34","169","Asa Jackson","Ravens","DB","Cal Poly",2012
"","35","170","Vick Ballard","Colts","RB","Mississippi State",2012
"6","1","171","Greg Zuerlein","Rams","K","Missouri Western",2012
"","2","172","Jeremy Lane","Seahawks","DB","Northwestern State (LA)",2012
"","3","173","Alfred Morris","Redskins","RB","Florida Atlantic",2012
"","4","174","Keith Tandy","Buccaneers","DB","West Virginia",2012
"","5","175","Blair Walsh","Vikings","K","Georgia",2012
"","6","176","Mike Harris","Jaguars","DB","Florida State",2012
"","7","177","Justin Bethel","Cardinals","DB","Presbyterian",2012
"","8","178","Mark Asper","Bills","G","Oregon",2012
"","9","179","Andrew Tiller","Saints","G","Syracuse",2012
"","10","180","Trent Robinson","49ers","DB","Michigan State",2012
"","11","181","Winston Guy","Seahawks","DB","Kentucky",2012
"","12","182","Cyrus Gray","Chiefs","RB","Texas A&M",2012
"","13","183","B.J. Cunningham","Dolphins","WR","Michigan State",2012
"","14","184","Isaiah Frey","Bears","DB","Nevada",2012
"","15","185","Ryan Lindley","Cardinals","QB","San Diego State",2012
"","16","186","James Hanna","Cowboys","TE","Oklahoma",2012
"","17","187","Josh Bush","Jets","DB","Wake Forest",2012
"","18","188","Danny Trevathan","Broncos","LB","Kentucky",2012
"","19","189","Christo Bilukidi","Raiders","DE","Georgia State",2012
"","20","190","Markelle Martin","Titans","DB","Oklahoma State",2012
"","21","191","Dan Herron","Bengals","RB","Ohio State",2012
"","22","192","Charles Mitchell","Falcons","DB","Mississippi State",2012
"","23","193","Tom Compton","Redskins","T","South Dakota",2012
"","24","194","Marvin McNutt","Eagles","WR","Iowa",2012
"","25","195","Nick Mondek","Texans","T","Purdue",2012
"","26","196","Jonte Green","Lions","DB","New Mexico State",2012
"","27","197","Nate Ebner","Patriots","DB","Ohio State",2012
"","28","198","Tommy Streeter","Ravens","WR","Miami (FL)",2012
"","29","199","Jason Slowey","49ers","C","Western Oregon",2012
"","30","200","Brandon Washington","Eagles","G","Miami (FL)",2012
"","31","201","Matt McCants","Giants","T","Alabama-Birmingham",2012
"","32","202","Terrance Ganaway","Jets","RB","Baylor",2012
"","33","203","Robert T. Griffin","Jets","G","Baylor",2012
"","34","204","Emmanuel Acho","Browns","LB","Texas",2012
"","35","205","Billy Winn","Browns","DT","Boise State",2012
"","36","206","LaVon Brazill","Colts","WR","Ohio",2012
"","37","207","Brad Nortman","Panthers","P","Wisconsin",2012
"7","1","208","Justin Anderson","Colts","T","Georgia",2012
"","2","209","Aaron Brown","Rams","LB","Hawaii",2012
"","3","210","Audie Cole","Vikings","LB","North Carolina State",2012
"","4","211","Scott Solomon","Titans","DE","Rice",2012
"","5","212","Michael Smith","Buccaneers","RB","Utah State",2012
"","6","213","Richard Crawford","Redskins","DB","Southern Methodist",2012
"","7","214","Tim Fugger","Colts","DE","Vanderbilt",2012
"","8","215","Kheeston Randall","Dolphins","DT","Texas",2012
"","9","216","D.J. Campbell","Panthers","DB","California",2012
"","10","217","Jordan Bernstine","Redskins","DB","Iowa",2012
"","11","218","Jerome Long","Chiefs","DT","San Diego State",2012
"","12","219","Trevor Guyton","Vikings","DE","California",2012
"","13","220","Greg McCoy","Bears","DB","Texas Christian",2012
"","14","221","Nate Potter","Cardinals","T","Boise State",2012
"","15","222","Caleb McSurdy","Cowboys","LB","Montana",2012
"","16","223","Travis Lewis","Lions","LB","Oklahoma",2012
"","17","224","Alfonzo Dennard","Patriots","DB","Nebraska",2012
"","18","225","J R Sweezy","Seahawks","DE","North Carolina State",2012
"","19","226","David Molk","Chargers","C","Michigan",2012
"","20","227","Rishard Matthews","Dolphins","WR","Nevada",2012
"","21","228","Jeris Pendleton","Jaguars","DT","Ashland",2012
"","22","229","Bryce Brown","Eagles","RB","Kansas State",2012
"","23","230","Nathan Stupar","Raiders","LB","Penn State",2012
"","24","231","Toney Clemons","Steelers","WR","Colorado",2012
"","25","232","Greg Scruggs","Seahawks","DE","Louisville",2012
"","26","233","Drake Dunsmore","Buccaneers","TE","Northwestern",2012
"","27","234","Marcel Jones","Saints","T","Nebraska",2012
"","28","235","Jeremy Ebert","Patriots","WR","Northwestern",2012
"","29","236","Deangelo Tyson","Ravens","DE","Georgia",2012
"","30","237","Cam Johnson","49ers","DE","Virginia",2012
"","31","238","Junior Hemingway","Chiefs","WR","Michigan",2012
"","32","239","Markus Kuhn","Giants","DT","North Carolina State",2012
"","33","240","David Paulson","Steelers","TE","Oregon",2012
"","34","241","Andrew Datko","Packers","T","Florida State",2012
"","35","242","Antonio Allen","Jets","DB","South Carolina",2012
"","36","243","B.J. Coleman","Packers","QB","Tennessee-Chattanooga",2012
"","37","244","Jordan White","Jets","WR","Western Michigan",2012
"","38","245","Trevin Wade","Browns","DB","Arizona",2012
"","39","246","Terrence Frederick","Steelers","DB","Texas A&M",2012
"","40","247","Brad Smelley","Browns","TE","Alabama",2012
"","41","248","Kelvin Beachum","Steelers","T","Southern Methodist",2012
"","42","249","Travian Robertson","Falcons","DT","South Carolina",2012
"","43","250","Edwin Baker","Chargers","RB","Michigan State",2012
"","44","251","John Potter","Bills","K","Western Michigan",2012
"","45","252","Daryl Richardson","Rams","RB","Abilene Christian",2012
"","46","253","Chandler Harnish","Colts","QB","Northern Illinois",2012
"Round","Pick","Player","Name","Team","Position","College",2013
"1","1","1","Eric Fisher","Chiefs","T","Central Michigan",2013
"","2","2","Luke Joeckel","Jaguars","T","Texas A&M",2013
"","3","3","Dion Jordan","Dolphins","DE","Oregon",2013
"","4","4","Lane Johnson","Eagles","T","Oklahoma",2013
"","5","5","Ezekiel Ansah","Lions","DE","Brigham Young",2013
"","6","6","Barkevious Mingo","Browns","DE","Louisiana State",2013
"","7","7","Jonathan Cooper","Cardinals","G","North Carolina",2013
"","8","8","Tavon Austin","Rams","WR","West Virginia",2013
"","9","9","Dee Milliner","Jets","DB","Alabama",2013
"","10","10","Chance Warmack","Titans","G","Alabama",2013
"","11","11","D.J. Fluker","Chargers","T","Alabama",2013
"","12","12","D.J. Hayden","Raiders","DB","Houston",2013
"","13","13","Sheldon Richardson","Jets","DT","Missouri",2013
"","14","14","Star Lotulelei","Panthers","DT","Utah",2013
"","15","15","Kenny Vaccaro","Saints","DB","Texas",2013
"","16","16","EJ Manuel","Bills","QB","Florida State",2013
"","17","17","Jarvis Jones","Steelers","LB","Georgia",2013
"","18","18","Eric Reid","49ers","DB","Louisiana State",2013
"","19","19","Justin Pugh","Giants","T","Syracuse",2013
"","20","20","Kyle Long","Bears","G","Oregon",2013
"","21","21","Tyler Eifert","Bengals","TE","Notre Dame",2013
"","22","22","Desmond Trufant","Falcons","DB","Washington",2013
"","23","23","Sharrif Floyd","Vikings","DT","Florida",2013
"","24","24","Bjoern Werner","Colts","DE","Florida State",2013
"","25","25","Xavier Rhodes","Vikings","DB","Florida State",2013
"","26","26","Datone Jones","Packers","DE","UCLA",2013
"","27","27","DeAndre Hopkins","Texans","WR","Clemson",2013
"","28","28","Sylvester Williams","Broncos","DT","North Carolina",2013
"","29","29","Cordarrelle Patterson","Vikings","WR","Tennessee",2013
"","30","30","Alec Ogletree","Rams","LB","Georgia",2013
"","31","31","Travis Frederick","Cowboys","C","Wisconsin",2013
"","32","32","Matt Elam","Ravens","DB","Florida",2013
"2","1","33","John Cyprien","Jaguars","DB","Florida International",2013
"","2","34","Justin Hunter","Titans","WR","Tennessee",2013
"","3","35","Zach Ertz","Eagles","TE","Stanford",2013
"","4","36","Darius Slay","Lions","DB","Mississippi State",2013
"","5","37","Giovani Bernard","Bengals","RB","North Carolina",2013
"","6","38","Manti Te'o","Chargers","LB","Notre Dame",2013
"","7","39","Geno Smith","Jets","QB","West Virginia",2013
"","8","40","Cornellius Carradine","49ers","DE","Florida State",2013
"","9","41","Robert Woods","Bills","WR","USC",2013
"","10","42","Menelik Watson","Raiders","T","Florida State",2013
"","11","43","Johnthan Banks","Buccaneers","DB","Mississippi State",2013
"","12","44","Kawann Short","Panthers","DT","Purdue",2013
"","13","45","Kevin Minter","Cardinals","LB","Louisiana State",2013
"","14","46","Kiko Alonso","Bills","LB","Oregon",2013
"","15","47","Gavin Escobar","Cowboys","TE","San Diego State",2013
"","16","48","Le'Veon Bell","Steelers","RB","Michigan State",2013
"","17","49","Johnathan Hankins","Giants","DT","Ohio State",2013
"","18","50","Jon Bostic","Bears","LB","Florida",2013
"","19","51","David Amerson","Redskins","DB","North Carolina State",2013
"","20","52","Jamie Collins","Patriots","LB","Southern Mississippi",2013
"","21","53","Margus Hunt","Bengals","DE","Southern Methodist",2013
"","22","54","Jamar Taylor","Dolphins","DB","Boise State",2013
"","23","55","Vance McDonald","49ers","TE","Rice",2013
"","24","56","Arthur Brown","Ravens","LB","Kansas State",2013
"","25","57","D.J. Swearinger","Texans","DB","South Carolina",2013
"","26","58","Montee Ball","Broncos","RB","Wisconsin",2013
"","27","59","Aaron Dobson","Patriots","WR","Marshall",2013
"","28","60","Robert Alford","Falcons","DB","Southeastern Louisiana",2013
"","29","61","Eddie Lacy","Packers","RB","Alabama",2013
"","30","62","Christine Michael","Seahawks","RB","Texas A&M",2013
"3","1","63","Travis Kelce","Chiefs","TE","Cincinnati",2013
"","2","64","Dwayne Gratz","Jaguars","DB","Connecticut",2013
"","3","65","Larry Warford","Lions","G","Kentucky",2013
"","4","66","Sio Moore","Raiders","LB","Connecticut",2013
"","5","67","Bennie Logan","Eagles","DT","Louisiana State",2013
"","6","68","Leon McFadden","Browns","DB","San Diego State",2013
"","7","69","Tyrann Mathieu","Cardinals","DB","Louisiana State",2013
"","8","70","Blidi Wreh-Wilson","Titans","DB","Connecticut",2013
"","9","71","T.J. McDonald","Rams","DB","USC",2013
"","10","72","Brian Winters","Jets","G","Kent State",2013
"","11","73","Mike Glennon","Buccaneers","QB","North Carolina State",2013
"","12","74","Terrance Williams","Cowboys","WR","Baylor",2013
"","13","75","Terron Armstead","Saints","T","Arkansas-Pine Bluff",2013
"","14","76","Keenan Allen","Chargers","WR","California",2013
"","15","77","Dallas Thomas","Dolphins","T","Tennessee",2013
"","16","78","Marquise Goodwin","Bills","WR","Texas",2013
"","17","79","Markus Wheaton","Steelers","WR","Oregon State",2013
"","18","80","J.J. Wilcox","Cowboys","DB","Georgia Southern",2013
"","19","81","Damontre Moore","Giants","DE","Texas A&M",2013
"","20","82","John Jenkins","Saints","DT","Georgia",2013
"","21","83","Logan Ryan","Patriots","DB","Rutgers",2013
"","22","84","Shawn Williams","Bengals","DB","Georgia",2013
"","23","85","Jordan Reed","Redskins","TE","Florida",2013
"","24","86","Hugh Thornton","Colts","G","Illinois",2013
"","25","87","Jordan Hill","Seahawks","DT","Penn State",2013
"","26","88","Corey Lemonier","49ers","DE","Auburn",2013
"","27","89","Brennan Williams","Texans","T","North Carolina",2013
"","28","90","Kayvon Webster","Broncos","DB","South Florida",2013
"","29","91","Duron Harmon","Patriots","DB","Rutgers",2013
"","30","92","Stedman Bailey","Rams","WR","West Virginia",2013
"","31","93","Will Davis","Dolphins","DB","Utah State",2013
"","32","94","Brandon Williams","Ravens","DT","Missouri Southern State",2013
"","33","95","Sam Montgomery","Texans","DE","Louisiana State",2013
"","34","96","Knile Davis","Chiefs","RB","Arkansas",2013
"","35","97","Zaviar Gooden","Titans","LB","Missouri",2013
"4","1","98","Matt Barkley","Eagles","QB","USC",2013
"","2","99","Nico Johnson","Chiefs","LB","Alabama",2013
"","3","100","Akeem Spence","Buccaneers","DT","Illinois",2013
"","4","101","Ace Sanders","Jaguars","WR","South Carolina",2013
"","5","102","Josh Boyce","Patriots","WR","Texas Christian",2013
"","6","103","Alex Okafor","Cardinals","DE","Texas",2013
"","7","104","Jelani Jenkins","Dolphins","LB","Florida",2013
"","8","105","Duke Williams","Bills","DB","Nevada",2013
"","9","106","Dion Sims","Dolphins","TE","Michigan State",2013
"","10","107","Brian Schwenke","Titans","C","California",2013
"","11","108","Edmund Kugbila","Panthers","G","Valdosta State",2013
"","12","109","David Bakhtiari","Packers","T","Colorado",2013
"","13","110","Ryan Nassib","Giants","QB","Syracuse",2013
"","14","111","Shamarko Thomas","Steelers","DB","Syracuse",2013
"","15","112","Tyler Wilson","Raiders","QB","Arkansas",2013
"","16","113","Barrett Jones","Rams","G","Alabama",2013
"","17","114","B.W. Webb","Cowboys","DB","William & Mary",2013
"","18","115","Landry Jones","Steelers","QB","Oklahoma",2013
"","19","116","Earl Watford","Cardinals","G","James Madison",2013
"","20","117","Khaseem Greene","Bears","LB","Rutgers",2013
"","21","118","Sean Porter","Bengals","LB","Texas A&M",2013
"","22","119","Phillip Thomas","Redskins","DB","Fresno State",2013
"","23","120","Gerald Hodges","Vikings","LB","Penn State",2013
"","24","121","Khaled Holmes","Colts","C","USC",2013
"","25","122","J.C. Tretter","Packers","T","Cornell",2013
"","26","123","Chris Harper","Seahawks","WR","Kansas State",2013
"","27","124","Trevardo Williams","Texans","DE","Connecticut",2013
"","28","125","Johnathan Franklin","Packers","RB","UCLA",2013
"","29","126","William Gholston","Buccaneers","DE","Michigan State",2013
"","30","127","Malliciah Goodman","Falcons","DE","Clemson",2013
"","31","128","Quinton Patton","49ers","WR","Louisiana Tech",2013
"","32","129","John Simon","Ravens","DE","Ohio State",2013
"","33","130","Kyle Juszczyk","Ravens","RB","Harvard",2013
"","34","131","Marcus Lattimore","49ers","RB","South Carolina",2013
"","35","132","Devin Taylor","Lions","DE","South Carolina",2013
"","36","133","Levine Toilolo","Falcons","TE","Stanford",2013
"5","1","134","Sanders Commings","Chiefs","DB","Georgia",2013
"","2","135","Denard Robinson","Jaguars","WR","Michigan",2013
"","3","136","Earl Wolff","Eagles","DB","North Carolina State",2013
"","4","137","Jesse Williams","Seahawks","DT","Alabama",2013
"","5","138","Tharold Simon","Seahawks","DB","Louisiana State",2013
"","6","139","Montori Hughes","Colts","DT","Tennessee-Martin",2013
"","7","140","Stepfan Taylor","Cardinals","RB","Stanford",2013
"","8","141","Oday Aboushi","Jets","T","Virginia",2013
"","9","142","Lavar Edwards","Titans","DE","Louisiana State",2013
"","10","143","Jonathan Meeks","Bills","DB","Clemson",2013
"","11","144","Kenny Stills","Saints","WR","Oklahoma",2013
"","12","145","Steve Williams","Chargers","DB","California",2013
"","13","146","Quanterus Smith","Broncos","DE","Western Kentucky",2013
"","14","147","Steven Means","Buccaneers","DE","Buffalo",2013
"","15","148","A.J. Klein","Panthers","LB","Iowa State",2013
"","16","149","Brandon McGee","Rams","DB","Miami (FL)",2013
"","17","150","Terry Hawthorne","Steelers","DB","Illinois",2013
"","18","151","Joseph Randle","Cowboys","RB","Oklahoma State",2013
"","19","152","Cooper Taylor","Giants","DB","Richmond",2013
"","20","153","Stansly Maponga","Falcons","DE","Texas Christian",2013
"","21","154","Chris Thompson","Redskins","RB","Florida State",2013
"","22","155","Jeff Locke","Vikings","P","UCLA",2013
"","23","156","Tanner Hawkinson","Bengals","T","Kansas",2013
"","24","157","Quinton Dial","49ers","DE","Alabama",2013
"","25","158","Luke Willson","Seahawks","TE","Rice",2013
"","26","159","Micah Hyde","Packers","DB","Iowa",2013
"","27","160","Zac Stacy","Rams","RB","Vanderbilt",2013
"","28","161","Tavarres King","Broncos","WR","Georgia",2013
"","29","162","Brandon Jenkins","Redskins","DE","Florida State",2013
"","30","163","Jordan Mills","Bears","T","Louisiana Tech",2013
"","31","164","Mike Gillislee","Dolphins","RB","Florida",2013
"","32","165","Sam Martin","Lions","P","Appalachian State",2013
"","33","166","Caleb Sturgis","Dolphins","K","Florida",2013
"","34","167","Josh Boyd","Packers","DE","Mississippi State",2013
"","35","168","Ricky Wagner","Ravens","T","Wisconsin",2013
"6","1","169","Josh Evans","Jaguars","DB","Florida",2013
"","2","170","Eric Kush","Chiefs","C","California (PA)",2013
"","3","171","Corey Fuller","Lions","WR","Virginia Tech",2013
"","4","172","Nick Kasa","Raiders","TE","Colorado",2013
"","5","173","Vinston Painter","Broncos","T","Virginia Tech",2013
"","6","174","Ryan Swope","Cardinals","WR","Texas A&M",2013
"","7","175","Jamoris Slaughter","Browns","DB","Notre Dame",2013
"","8","176","David Quessenberry","Texans","T","San Jose State",2013
"","9","177","Dustin Hopkins","Bills","K","Florida State",2013
"","10","178","William Campbell","Jets","G","Michigan",2013
"","11","179","Tourek Williams","Chargers","DE","Florida International",2013
"","12","180","Nick Moody","49ers","LB","Florida State",2013
"","13","181","Latavius Murray","Raiders","RB","Central Florida",2013
"","14","182","Kenjon Barner","Panthers","RB","Oregon",2013
"","15","183","Rufus Johnson","Saints","DE","Tarleton State",2013
"","16","184","Mychal Rivera","Raiders","TE","Tennessee",2013
"","17","185","DeVonte Holloman","Cowboys","LB","South Carolina",2013
"","18","186","Justin Brown","Steelers","WR","Oklahoma",2013
"","19","187","Andre Ellington","Cardinals","RB","Clemson",2013
"","20","188","Cornelius Washington","Bears","LB","Georgia",2013
"","21","189","Mike James","Buccaneers","RB","Miami (FL)",2013
"","22","190","Rex Burkhead","Bengals","RB","Nebraska",2013
"","23","191","Bacarri Rambo","Redskins","DB","Georgia",2013
"","24","192","John Boyett","Colts","DB","Oregon",2013
"","25","193","Nate Palmer","Packers","LB","Illinois State",2013
"","26","194","Spencer Ware","Seahawks","RB","Louisiana State",2013
"","27","195","Alan Bonner","Texans","WR","Jacksonville State",2013
"","28","196","Jeff Baca","Vikings","G","UCLA",2013
"","29","197","Cobi Hamilton","Bengals","WR","Arkansas",2013
"","30","198","Chris Jones","Texans","DT","Bowling Green",2013
"","31","199","Theo Riddick","Lions","RB","Notre Dame",2013
"","32","200","Kapron Lewis-Moore","Ravens","DE","Notre Dame",2013
"","33","201","Ryan Griffin","Texans","TE","Connecticut",2013
"","34","202","Khalid Wooten","Titans","DB","Nevada",2013
"","35","203","Ryan Jensen","Ravens","T","Colorado State-Pueblo",2013
"","36","204","Braden Wilson","Chiefs","RB","Kansas State",2013
"","37","205","Stacy McGee","Raiders","DT","Oklahoma",2013
"","38","206","Vince Williams","Steelers","LB","Florida State",2013
"7","1","207","Mike Catapano","Chiefs","DE","Princeton",2013
"","2","208","Jeremy Harris","Jaguars","DB","New Mexico State",2013
"","3","209","Brice Butler","Raiders","WR","San Diego State",2013
"","4","210","Demetrius McCray","Jaguars","DB","Appalachian State",2013
"","5","211","Michael Williams","Lions","TE","Alabama",2013
"","6","212","Joe Kruger","Eagles","DE","Utah",2013
"","7","213","Michael Mauti","Vikings","LB","Penn State",2013
"","8","214","Travis Bond","Vikings","G","North Carolina",2013
"","9","215","Tommy Bohanon","Jets","RB","Wake Forest",2013
"","10","216","Charles Johnson","Packers","WR","Grand Valley State",2013
"","11","217","Armonty Bryant","Browns","DE","East Central (OK)",2013
"","12","218","Jordan Poyer","Eagles","DB","Oregon State",2013
"","13","219","D.C. Jefferson","Cardinals","TE","Rutgers",2013
"","14","220","Ryan Seymour","Seahawks","G","Vanderbilt",2013
"","15","221","Brad Sorensen","Chargers","QB","Southern Utah",2013
"","16","222","Chris Gragg","Bills","TE","Arkansas",2013
"","17","223","Nick Williams","Steelers","DT","Samford",2013
"","18","224","Kevin Dorsey","Packers","WR","Maryland",2013
"","19","225","Eric Herman","Giants","G","Ohio",2013
"","20","226","Michael Buchanan","Patriots","DE","Illinois",2013
"","21","227","Garrett Gilkey","Browns","T","Chadron State",2013
"","22","228","Jawan Jamison","Redskins","RB","Rutgers",2013
"","23","229","Everett Dawkins","Vikings","DT","Florida State",2013
"","24","230","Kerwynn Williams","Colts","RB","Utah State",2013
"","25","231","Ty Powell","Seahawks","DE","Harding",2013
"","26","232","Sam Barrington","Packers","LB","South Florida",2013
"","27","233","David Bass","Raiders","DE","Missouri Western",2013
"","28","234","Zac Dysert","Broncos","QB","Miami (OH)",2013
"","29","235","Steve Beauharnais","Patriots","LB","Rutgers",2013
"","30","236","Marquess Wilson","Bears","WR","Washington State",2013
"","31","237","B.J. Daniels","49ers","QB","South Florida",2013
"","32","238","Aaron Mellette","Ravens","WR","Elon",2013
"","33","239","David King","Eagles","DE","Oklahoma",2013
"","34","240","Reid Fragel","Bengals","T","Ohio State",2013
"","35","241","Jared Smith","Seahawks","DT","New Hampshire",2013
"","36","242","Michael Bowie","Seahawks","T","NE Oklahoma State",2013
"","37","243","Kemal Ishmael","Falcons","DB","Central Florida",2013
"","38","244","Zeke Motta","Falcons","DB","Notre Dame",2013
"","39","245","Brandon Hepburn","Lions","LB","Florida A&M",2013
"","40","246","Carter Bykowski","49ers","T","Iowa State",2013
"","41","247","Marc Anthony","Ravens","DB","California",2013
"","42","248","Daimion Stafford","Titans","DB","Nebraska",2013
"","43","249","Sean Renfree","Falcons","QB","Duke",2013
"","44","250","Don Jones","Dolphins","DB","Arkansas State",2013
"","45","251","T.J. Johnson","Bengals","C","South Carolina",2013
"","46","252","Marcus Cooper","49ers","DB","Rutgers",2013
"","47","253","Michael Cox","Giants","RB","Massachusetts",2013
"","48","254","Justice Cunningham","Colts","TE","South Carolina",2013
"Round","Pick","Player","Name","Team","Position","College",2014
"1","1","1","Jadeveon Clowney","Texans","DE","South Carolina",2014
"","2","2","Greg Robinson","Rams","T","Auburn",2014
"","3","3","Blake Bortles","Jaguars","QB","Central Florida",2014
"","4","4","Sammy Watkins","Bills","WR","Clemson",2014
"","5","5","Khalil Mack","Raiders","LB","Buffalo",2014
"","6","6","Jake Matthews","Falcons","T","Texas A&M",2014
"","7","7","Mike Evans","Buccaneers","WR","Texas A&M",2014
"","8","8","Justin Gilbert","Browns","DB","Oklahoma State",2014
"","9","9","Anthony Barr","Vikings","LB","UCLA",2014
"","10","10","Eric Ebron","Lions","TE","North Carolina",2014
"","11","11","Taylor Lewan","Titans","T","Michigan",2014
"","12","12","Odell Beckham Jr.","Giants","WR","Louisiana State",2014
"","13","13","Aaron Donald","Rams","DT","Pittsburgh",2014
"","14","14","Kyle Fuller","Bears","DB","Virginia Tech",2014
"","15","15","Ryan Shazier","Steelers","LB","Ohio State",2014
"","16","16","Zack Martin","Cowboys","T","Notre Dame",2014
"","17","17","C.J. Mosley","Ravens","LB","Alabama",2014
"","18","18","Calvin Pryor","Jets","DB","Louisville",2014
"","19","19","Ja'Wuan James","Dolphins","T","Tennessee",2014
"","20","20","Brandin Cooks","Saints","WR","Oregon State",2014
"","21","21","Ha Ha Clinton-Dix","Packers","DB","Alabama",2014
"","22","22","Johnny Manziel","Browns","QB","Texas A&M",2014
"","23","23","Dee Ford","Chiefs","DE","Auburn",2014
"","24","24","Darqueze Dennard","Bengals","DB","Michigan State",2014
"","25","25","Jason Verrett","Chargers","DB","Texas Christian",2014
"","26","26","Marcus Smith","Eagles","DE","Louisville",2014
"","27","27","Deone Bucannon","Cardinals","DB","Washington State",2014
"","28","28","Kelvin Benjamin","Panthers","WR","Florida State",2014
"","29","29","Dominique Easley","Patriots","DT","Florida",2014
"","30","30","Jimmie Ward","49ers","DB","Northern Illinois",2014
"","31","31","Bradley Roby","Broncos","DB","Ohio State",2014
"","32","32","Teddy Bridgewater","Vikings","QB","Louisville",2014
"2","1","33","Xavier Su'a-Filo","Texans","G","UCLA",2014
"","2","34","Demarcus Lawrence","Cowboys","DE","Boise State",2014
"","3","35","Joel Bitonio","Browns","G","Nevada",2014
"","4","36","Derek Carr","Raiders","QB","Fresno State",2014
"","5","37","Ra'Shede Hageman","Falcons","DT","Minnesota",2014
"","6","38","Austin Seferian-Jenkins","Buccaneers","TE","Washington",2014
"","7","39","Marqise Lee","Jaguars","WR","USC",2014
"","8","40","Kyle Van Noy","Lions","LB","Brigham Young",2014
"","9","41","Lamarcus Joyner","Rams","DB","Florida State",2014
"","10","42","Jordan Matthews","Eagles","WR","Vanderbilt",2014
"","11","43","Weston Richburg","Giants","C","Colorado State",2014
"","12","44","Cyrus Kouandjio","Bills","T","Alabama",2014
"","13","45","Paul Richardson","Seahawks","WR","Colorado",2014
"","14","46","Stephon Tuitt","Steelers","DE","Notre Dame",2014
"","15","47","Trent Murphy","Redskins","LB","Stanford",2014
"","16","48","Timmy Jernigan","Ravens","DT","Florida State",2014
"","17","49","Jace Amaro","Jets","TE","Texas Tech",2014
"","18","50","Jeremiah Attaochu","Chargers","LB","Georgia Tech",2014
"","19","51","Ego Ferguson","Bears","DT","Louisiana State",2014
"","20","52","Troy Niklas","Cardinals","TE","Notre Dame",2014
"","21","53","Davante Adams","Packers","WR","Fresno State",2014
"","22","54","Bishop Sankey","Titans","RB","Washington",2014
"","23","55","Jeremy Hill","Bengals","RB","Louisiana State",2014
"","24","56","Cody Latimer","Broncos","WR","Indiana",2014
"","25","57","Carlos Hyde","49ers","RB","Ohio State",2014
"","26","58","Stanley Jean-Baptiste","Saints","DB","Nebraska",2014
"","27","59","Jack Mewhort","Colts","T","Ohio State",2014
"","28","60","Kony Ealy","Panthers","DE","Missouri",2014
"","29","61","Allen Robinson","Jaguars","WR","Penn State",2014
"","30","62","Jimmy Garoppolo","Patriots","QB","Eastern Illinois",2014
"","31","63","Jarvis Landry","Dolphins","WR","Louisiana State",2014
"","32","64","Justin Britt","Seahawks","T","Missouri",2014
"3","1","65","C.J. Fiedorowicz","Texans","TE","Iowa",2014
"","2","66","Morgan Moses","Redskins","T","Virginia",2014
"","3","67","Billy Turner","Dolphins","T","North Dakota State",2014
"","4","68","Dezmen Southward","Falcons","DB","Wisconsin",2014
"","5","69","Charles Sims","Buccaneers","RB","West Virginia",2014
"","6","70","Marcus Martin","49ers","C","USC",2014
"","7","71","Christian Kirksey","Browns","LB","Iowa",2014
"","8","72","Scott Crichton","Vikings","DE","Oregon State",2014
"","9","73","Preston Brown","Bills","LB","Louisville",2014
"","10","74","Jay Bromley","Giants","DT","Syracuse",2014
"","11","75","Tre Mason","Rams","RB","Auburn",2014
"","12","76","Travis Swanson","Lions","C","Arkansas",2014
"","13","77","Chris  Borland","49ers","LB","Wisconsin",2014
"","14","78","Spencer Long","Redskins","G","Nebraska",2014
"","15","79","Terrence Brooks","Ravens","DB","Florida State",2014
"","16","80","Dexter McDougle","Jets","DB","Maryland",2014
"","17","81","Gabe Jackson","Raiders","G","Mississippi State",2014
"","18","82","Will Sutton","Bears","DT","Arizona State",2014
"","19","83","Louis Nix","Texans","DT","Notre Dame",2014
"","20","84","Kareem Martin","Cardinals","DE","North Carolina",2014
"","21","85","Khyri Thornton","Packers","DT","Southern Mississippi",2014
"","22","86","Josh Huff","Eagles","WR","Oregon",2014
"","23","87","Phillip Gaines","Chiefs","DB","Rice",2014
"","24","88","Will Clarke","Bengals","DE","West Virginia",2014
"","25","89","Chris Watt","Chargers","G","Notre Dame",2014
"","26","90","Donte Moncrief","Colts","WR","Mississippi",2014
"","27","91","John Brown","Cardinals","WR","Pittsburg State (KS)",2014
"","28","92","Trai Turner","Panthers","G","Louisiana State",2014
"","29","93","Brandon Linder","Jaguars","G","Miami (FL)",2014
"","30","94","Terrance West","Browns","RB","Towson",2014
"","31","95","Michael Schofield","Broncos","T","Michigan",2014
"","32","96","Jerick McKinnon","Vikings","RB","Georgia Southern",2014
"","33","97","Dri Archer","Steelers","RB","Kent State",2014
"","34","98","Richard Rodgers","Packers","TE","California",2014
"","35","99","Crockett Gillmore","Ravens","TE","Colorado State",2014
"","36","100","Brandon Thomas","49ers","T","Clemson",2014
"4","1","101","Jaylen Watkins","Eagles","DB","Florida",2014
"","2","102","Bashaud Breeland","Redskins","DB","Clemson",2014
"","3","103","Devonta Freeman","Falcons","RB","Florida State",2014
"","4","104","Jalen Saunders","Jets","WR","Oklahoma",2014
"","5","105","Bryan Stork","Patriots","C","Florida State",2014
"","6","106","Bruce Ellington","49ers","WR","South Carolina",2014
"","7","107","Justin Ellis","Raiders","DT","Louisiana Tech",2014
"","8","108","Cassius Marsh","Seahawks","DE","UCLA",2014
"","9","109","Ross Cockrell","Bills","DB","Duke",2014
"","10","110","Mo Alexander","Rams","DB","Utah State",2014
"","11","111","Russell Bodine","Bengals","C","North Carolina",2014
"","12","112","DaQuan Jones","Titans","DT","Penn State",2014
"","13","113","Andre Williams","Giants","RB","Boston College",2014
"","14","114","Aaron Colvin","Jaguars","DB","Oklahoma",2014
"","15","115","Shaq Evans","Jets","WR","UCLA",2014
"","16","116","Keith McGill","Raiders","DB","Utah",2014
"","17","117","Ka'Deem Carey","Bears","RB","Arizona",2014
"","18","118","Martavis Bryant","Steelers","WR","Clemson",2014
"","19","119","Anthony Hitchens","Cowboys","LB","Iowa",2014
"","20","120","Logan Thomas","Cardinals","QB","Virginia Tech",2014
"","21","121","Carl  Bradford","Packers","LB","Arizona State",2014
"","22","122","Marqueston Huff","Titans","DB","Wyoming",2014
"","23","123","Kevin Norwood","Seahawks","WR","Alabama",2014
"","24","124","De'Anthony Thomas","Chiefs","RB","Oregon",2014
"","25","125","Walt Aikens","Dolphins","DB","Liberty",2014
"","26","126","Khairi Fortt","Saints","LB","California",2014
"","27","127","Pierre Desir","Browns","DB","Lindenwood",2014
"","28","128","Tre  Boston","Panthers","DB","North Carolina",2014
"","29","129","Dontae Johnson","49ers","DB","North Carolina State",2014
"","30","130","James White","Patriots","RB","Wisconsin",2014
"","31","131","Brock Vereen","Bears","DB","Minnesota",2014
"","32","132","Kevin Pierre-Louis","Seahawks","LB","Boston College",2014
"","33","133","Nevin Lawson","Lions","DB","Utah State",2014
"","34","134","Brent Urban","Ravens","DT","Virginia",2014
"","35","135","Tom Savage","Texans","QB","Pittsburgh",2014
"","36","136","Larry Webster","Lions","DE","Bloomsburg (PA)",2014
"","37","137","Dakota Dozier","Jets","T","Furman",2014
"","38","138","Lorenzo Taliaferro","Ravens","RB","Coastal Carolina",2014
"","39","139","Prince  Shembo","Falcons","LB","Notre Dame",2014
"","40","140","Cameron Fleming","Patriots","T","Stanford",2014
"5","1","141","Taylor Hart","Eagles","DE","Oregon",2014
"","2","142","Ryan Grant","Redskins","WR","Tulane",2014
"","3","143","Kadeem Edwards","Buccaneers","G","Tennessee State",2014
"","4","144","Telvin Smith","Jaguars","LB","Florida State",2014
"","5","145","David Yankey","Vikings","G","Stanford",2014
"","6","146","Devin Street","Cowboys","WR","Pittsburgh",2014
"","7","147","Ricardo Allen","Falcons","DB","Purdue",2014
"","8","148","Bene  Benwikere","Panthers","DB","San Jose State",2014
"","9","149","Kevin Pamphile","Buccaneers","T","Purdue",2014
"","10","150","Aaron  Lynch","49ers","DE","South Florida",2014
"","11","151","Avery Williamson","Titans","LB","Kentucky",2014
"","12","152","Nat Berhe","Giants","DB","San Diego State",2014
"","13","153","Cyril Richardson","Bills","G","Baylor",2014
"","14","154","Jeremiah George","Jets","LB","Iowa State",2014
"","15","155","Arthur Lynch","Dolphins","TE","Georgia",2014
"","16","156","Lamin Barrow","Broncos","LB","Louisiana State",2014
"","17","157","Shaquille Richardson","Steelers","DB","Arizona",2014
"","18","158","Caraun Reid","Lions","DT","Princeton",2014
"","19","159","Chris  Smith","Jaguars","DE","Arkansas",2014
"","20","160","Ed Stinson","Cardinals","DE","Alabama",2014
"","21","161","Corey Linsley","Packers","C","Ohio State",2014
"","22","162","Ed Reynolds","Eagles","DB","Stanford",2014
"","23","163","Aaron  Murray","Chiefs","QB","Georgia",2014
"","24","164","AJ McCarron","Bengals","QB","Alabama",2014
"","25","165","Ryan Carrethers","Chargers","DT","Arkansas State",2014
"","26","166","Jonathan Newsome","Colts","DE","Ball State",2014
"","27","167","Vinnie Sunseri","Saints","DB","Alabama",2014
"","28","168","Marquis Spruill","Falcons","LB","Syracuse",2014
"","29","169","Ronald Powell","Saints","LB","Florida",2014
"","30","170","Keith Reaser","49ers","DB","Florida Atlantic",2014
"","31","171","Jordan Tripp","Dolphins","LB","Montana",2014
"","32","172","Jimmy Staten","Seahawks","DT","Middle Tennessee State",2014
"","33","173","Wesley Johnson","Steelers","T","Vanderbilt",2014
"","34","174","Devon Kennard","Giants","LB","USC",2014
"","35","175","John Urschel","Ravens","G","Penn State",2014
"","36","176","Jared Abbrederis","Packers","WR","Wisconsin",2014
"6","1","177","Jeoffrey Pagan","Texans","DE","Alabama",2014
"","2","178","Zach Mettenberger","Titans","QB","Louisiana State",2014
"","3","179","Jon Halapio","Patriots","G","Florida",2014
"","4","180","Kenneth Acker","49ers","DB","Southern Methodist",2014
"","5","181","Alfred Blue","Texans","RB","Louisiana State",2014
"","6","182","Antone Exum","Vikings","DB","Virginia Tech",2014
"","7","183","David Fales","Bears","QB","San Jose State",2014
"","8","184","Kendall James","Vikings","DB","Maine",2014
"","9","185","Robert Herron","Buccaneers","WR","Wyoming",2014
"","10","186","Lache Seastrunk","Redskins","RB","Baylor",2014
"","11","187","Bennett Jackson","Giants","DB","Notre Dame",2014
"","12","188","E.J. Gaines","Rams","DB","Missouri",2014
"","13","189","T.J.  Jones","Lions","WR","Notre Dame",2014
"","14","190","Matt Hazel","Dolphins","WR","Coastal Carolina",2014
"","15","191","Pat O'Donnell","Bears","P","Miami (FL)",2014
"","16","192","Jordan Zumwalt","Steelers","LB","UCLA",2014
"","17","193","Zach Fulton","Chiefs","G","Tennessee",2014
"","18","194","Keith Wenning","Ravens","QB","Ball State",2014
"","19","195","Brandon Dixon","Jets","DB","Northwest Missouri State",2014
"","20","196","Walt Powell","Cardinals","WR","Murray State",2014
"","21","197","Demetri Goodson","Packers","DB","Baylor",2014
"","22","198","Zach Moore","Patriots","DE","Concordia (MN)",2014
"","23","199","Garrett Scott","Seahawks","T","Marshall",2014
"","24","200","Laurent Duvernay-Tardif","Chiefs","T","McGill",2014
"","25","201","Marion Grice","Chargers","RB","Arizona State",2014
"","26","202","Tavon Rooks","Saints","T","Kansas State",2014
"","27","203","Andrew Jackson","Colts","LB","Western Kentucky",2014
"","28","204","Tyler Gaffney","Panthers","RB","Stanford",2014
"","29","205","Luke Bowanko","Jaguars","C","Virginia",2014
"","30","206","Jemea Thomas","Patriots","DB","Georgia Tech",2014
"","31","207","Matt Paradis","Broncos","C","Boise State",2014
"","32","208","Eric Pinkins","Seahawks","DB","San Diego State",2014
"","33","209","Quincy Enunwa","Jets","WR","Nebraska",2014
"","34","210","IK Enemkpali","Jets","DE","Louisiana Tech",2014
"","35","211","Jay  Prosch","Texans","RB","Auburn",2014
"","36","212","Marquis Flowers","Bengals","LB","Arizona",2014
"","37","213","Tajh Boyd","Jets","QB","Clemson",2014
"","38","214","Garrett Gilbert","Rams","QB","Southern Methodist",2014
"","39","215","Daniel McCullers","Steelers","DT","Tennessee",2014
"7","1","216","Andre Hal","Texans","DB","Vanderbilt",2014
"","2","217","Ted Bolser","Redskins","TE","Indiana",2014
"","3","218","Mike Campanaro","Ravens","WR","Wake Forest",2014
"","4","219","Travis Carrie","Raiders","DB","Ohio",2014
"","5","220","Shamar Stephen","Vikings","DT","Connecticut",2014
"","6","221","Randell Johnson","Bills","LB","Florida Atlantic",2014
"","7","222","Storm Johnson","Jaguars","RB","Central Florida",2014
"","8","223","Brandon Watts","Vikings","LB","Georgia Tech",2014
"","9","224","Beau Allen","Eagles","DT","Wisconsin",2014
"","10","225","Jabari Price","Vikings","DB","North Carolina",2014
"","11","226","Mitchell Van Dyk","Rams","T","Portland State",2014
"","12","227","Kiero Small","Seahawks","RB","Arkansas",2014
"","13","228","Zach Hocker","Redskins","K","Arkansas",2014
"","14","229","Nate Freese","Lions","K","Boston College",2014
"","15","230","Rob Blanchflower","Steelers","TE","Massachusetts",2014
"","16","231","Ben Gardner","Cowboys","DE","Stanford",2014
"","17","232","Ulrick John","Colts","T","Georgia State",2014
"","18","233","Trevor Reilly","Jets","LB","Utah",2014
"","19","234","Terrence Fede","Dolphins","DE","Marist",2014
"","20","235","Shelby Harris","Raiders","DE","Illinois State",2014
"","21","236","Jeff Janis","Packers","WR","Saginaw Valley State",2014
"","22","237","Seantrel Henderson","Bills","T","Miami (FL)",2014
"","23","238","Will Smith","Cowboys","LB","Texas Tech",2014
"","24","239","James Wright","Bengals","WR","Louisiana State",2014
"","25","240","Tevin Reese","Chargers","WR","Baylor",2014
"","26","241","C.B. Bryant","Rams","DB","Ohio State",2014
"","27","242","Corey Nelson","Broncos","LB","Oklahoma",2014
"","28","243","Kaleb Ramsey","49ers","DE","Boston College",2014
"","29","244","Jeremy Gallon","Patriots","WR","Michigan",2014
"","30","245","Trey Millard","49ers","RB","Oklahoma",2014
"","31","246","Charles Leno Jr.","Bears","T","Boise State",2014
"","32","247","Jonathan Dowling","Raiders","DB","Western Kentucky",2014
"","33","248","Ahmad Dixon","Cowboys","DB","Baylor",2014
"","34","249","Michael Sam","Rams","DE","Missouri",2014
"","35","250","Demetrius Rhaney","Rams","C","Tennessee State",2014
"","36","251","Ken Bishop","Cowboys","DT","Northern Illinois",2014
"","37","252","Lavelle Westbrooks","Bengals","DB","Georgia Southern",2014
"","38","253","Yawin Smallwood","Falcons","LB","Connecticut",2014
"","39","254","Terrance Mitchell","Cowboys","DB","Oregon",2014
"","40","255","Tyler Starr","Falcons","LB","South Dakota",2014
"","41","256","Lonnie Ballentine","Texans","DB","Memphis",2014
"Round","Pick","Player","Name","Team","Position","College",2015
"1","1","1","Jameis Winston","Buccaneers","QB","Florida State",2015
"","2","2","Marcus Mariota","Titans","QB","Oregon",2015
"","3","3","Dante Fowler","Jaguars","LB","Florida",2015
"","4","4","Amari Cooper","Raiders","WR","Alabama",2015
"","5","5","Brandon Scherff","Redskins","G","Iowa",2015
"","6","6","Leonard Williams","Jets","DE","USC",2015
"","7","7","Kevin White","Bears","WR","West Virginia",2015
"","8","8","Vic Beasley","Falcons","LB","Clemson",2015
"","9","9","Ereck Flowers","Giants","G","Miami (FL)",2015
"","10","10","Todd Gurley","Rams","RB","Georgia",2015
"","11","11","Trae Waynes","Vikings","DB","Michigan State",2015
"","12","12","Danny Shelton","Browns","DT","Washington",2015
"","13","13","Andrus Peat","Saints","T","Stanford",2015
"","14","14","DeVante Parker","Dolphins","WR","Louisville",2015
"","15","15","Melvin Gordon","Chargers","RB","Wisconsin",2015
"","16","16","Kevin Johnson","Texans","DB","Wake Forest",2015
"","17","17","Arik Armstead","49ers","DT","Oregon",2015
"","18","18","Marcus Peters","Chiefs","DB","Washington",2015
"","19","19","Cameron Erving","Browns","C","Florida State",2015
"","20","20","Nelson Agholor","Eagles","WR","USC",2015
"","21","21","Cedric Ogbuehi","Bengals","T","Texas A&M",2015
"","22","22","Bud Dupree","Steelers","LB","Kentucky",2015
"","23","23","Shane Ray","Broncos","DE","Missouri",2015
"","24","24","D.J. Humphries","Cardinals","T","Florida",2015
"","25","25","Shaq Thompson","Panthers","LB","Washington",2015
"","26","26","Breshad Perriman","Ravens","WR","Central Florida",2015
"","27","27","Byron Jones","Cowboys","DB","Connecticut",2015
"","28","28","Laken Tomlinson","Lions","G","Duke",2015
"","29","29","Phillip Dorsett","Colts","WR","Miami (FL)",2015
"","30","30","Damarious Randall","Packers","DB","Arizona State",2015
"","31","31","Stephone Anthony","Saints","LB","Clemson",2015
"","32","32","Malcom Brown","Patriots","DT","Texas",2015
"2","1","33","Landon Collins","Giants","DB","Alabama",2015
"","2","34","Donovan Smith","Buccaneers","T","Penn State",2015
"","3","35","Mario Edwards","Raiders","DT","Florida State",2015
"","4","36","T.J. Yeldon","Jaguars","RB","Alabama",2015
"","5","37","Devin Smith","Jets","WR","Ohio State",2015
"","6","38","Preston Smith","Redskins","DE","Mississippi State",2015
"","7","39","Eddie Goldman","Bears","DT","Florida State",2015
"","8","40","Dorial Green-Beckham","Titans","WR","Missouri",2015
"","9","41","Devin Funchess","Panthers","WR","Michigan",2015
"","10","42","Jalen Collins","Falcons","DB","Louisiana State",2015
"","11","43","Benardrick McKinney","Texans","LB","Mississippi State",2015
"","12","44","Hau'oli Kikaha","Saints","LB","Washington",2015
"","13","45","Eric Kendricks","Vikings","LB","UCLA",2015
"","14","46","Jaquiski Tartt","49ers","DB","Samford",2015
"","15","47","Eric Rowe","Eagles","DB","Utah",2015
"","16","48","Denzel Perryman","Chargers","LB","Miami (FL)",2015
"","17","49","Mitch Morse","Chiefs","G","Missouri",2015
"","18","50","Ronald Darby","Bills","DB","Florida State",2015
"","19","51","Nate Orchard","Browns","DE","Utah",2015
"","20","52","Jordan Phillips","Dolphins","DT","Oklahoma",2015
"","21","53","Jake Fisher","Bengals","T","Oregon",2015
"","22","54","Ameer Abdullah","Lions","RB","Nebraska",2015
"","23","55","Maxx Williams","Ravens","TE","Minnesota",2015
"","24","56","Senquez Golson","Steelers","DB","Mississippi",2015
"","25","57","Rob Havenstein","Rams","T","Wisconsin",2015
"","26","58","Markus Golden","Cardinals","DE","Missouri",2015
"","27","59","Ty Sambrailo","Broncos","T","Colorado State",2015
"","28","60","Randy Gregory","Cowboys","LB","Nebraska",2015
"","29","61","Ali Marpet","Buccaneers","C","Hobart",2015
"","30","62","Quinten Rollins","Packers","DB","Miami (OH)",2015
"","31","63","Frank Clark","Seahawks","DE","Michigan",2015
"","32","64","Jordan Richards","Patriots","DB","Stanford",2015
"3","1","65","D'Joun Smith","Colts","DB","Florida Atlantic",2015
"","2","66","Jeremiah Poutasi","Titans","G","Utah",2015
"","3","67","A.J. Cann","Jaguars","G","South Carolina",2015
"","4","68","Clive Walford","Raiders","TE","Miami (FL)",2015
"","5","69","Tyler Lockett","Seahawks","WR","Kansas State",2015
"","6","70","Jaelen Strong","Texans","WR","Arizona State",2015
"","7","71","Hroniss Grasu","Bears","C","Oregon",2015
"","8","72","Jamon Brown","Rams","T","Louisville",2015
"","9","73","Tevin Coleman","Falcons","RB","Indiana",2015
"","10","74","Owamagbe Odighizuwa","Giants","DE","UCLA",2015
"","11","75","Garrett Grayson","Saints","QB","Colorado State",2015
"","12","76","Chris Conley","Chiefs","WR","Georgia",2015
"","13","77","Duke Johnson Jr.","Browns","RB","Miami (FL)",2015
"","14","78","P.J. Williams","Saints","DB","Florida State",2015
"","15","79","Eli Harold","49ers","LB","Virginia",2015
"","16","80","Alex Carter","Lions","DB","Stanford",2015
"","17","81","John Miller","Bills","G","Louisville",2015
"","18","82","Lorenzo Mauldin","Jets","LB","Louisville",2015
"","19","83","Craig Mager","Chargers","DB","Texas State",2015
"","20","84","Jordan Hicks","Eagles","LB","Texas",2015
"","21","85","Tyler Kroft","Bengals","TE","Rutgers",2015
"","22","86","David Johnson","Cardinals","RB","Northern Iowa",2015
"","23","87","Sammie Coates","Steelers","WR","Auburn",2015
"","24","88","Danielle Hunter","Vikings","DE","Louisiana State",2015
"","25","89","Sean Mannion","Rams","QB","Oregon State",2015
"","26","90","Carl Davis","Ravens","DT","Iowa",2015
"","27","91","Chaz Green","Cowboys","T","Florida",2015
"","28","92","Jeff Heuerman","Broncos","TE","Ohio State",2015
"","29","93","Henry Anderson","Colts","DE","Stanford",2015
"","30","94","Ty Montgomery","Packers","WR","Stanford",2015
"","31","95","Matt Jones","Redskins","RB","Florida",2015
"","32","96","Xavier Cooper","Browns","DT","Washington State",2015
"","33","97","Geneo Grissom","Patriots","DE","Oklahoma",2015
"","34","98","Steven Nelson","Chiefs","DB","Oregon State",2015
"","35","99","Paul Dawson","Bengals","LB","Texas Christian",2015
"4","1","100","Angelo Blackson","Titans","DT","Auburn",2015
"","2","101","Trey Flowers","Patriots","DE","Arkansas",2015
"","3","102","Daryl Williams","Panthers","G","Oklahoma",2015
"","4","103","Bryce Petty","Jets","QB","Baylor",2015
"","5","104","James Sample","Jaguars","DB","Louisville",2015
"","6","105","Jamison Crowder","Redskins","WR","Duke",2015
"","7","106","Jeremy Langford","Bears","RB","Michigan State",2015
"","8","107","Justin Hardy","Falcons","WR","East Carolina",2015
"","9","108","Jalston Fowler","Titans","RB","Alabama",2015
"","10","109","Clayton Geathers","Colts","DB","Central Florida",2015
"","11","110","T.J. Clemmings","Vikings","T","Pittsburgh",2015
"","12","111","Tre' Jackson","Patriots","G","Florida State",2015
"","13","112","Arie Kouandjio","Redskins","G","Alabama",2015
"","14","113","Gabe Wright","Lions","DT","Auburn",2015
"","15","114","Jamil Douglas","Dolphins","G","Arizona State",2015
"","16","115","Ibraheim Campbell","Browns","DB","Northwestern",2015
"","17","116","Rodney Gunter","Cardinals","DT","Delaware State",2015
"","18","117","Blake Bell","49ers","TE","Oklahoma",2015
"","19","118","Ramik Wilson","Chiefs","LB","Georgia",2015
"","20","119","Andrew Donnal","Rams","T","Iowa",2015
"","21","120","Josh Shaw","Bengals","DB","USC",2015
"","22","121","Doran Grant","Steelers","DB","Ohio State",2015
"","23","122","Za'Darius Smith","Ravens","DE","Kentucky",2015
"","24","123","Vince Mayle","Browns","WR","Washington State",2015
"","25","124","Kwon Alexander","Buccaneers","LB","Louisiana State",2015
"","26","125","Javorius Allen","Ravens","RB","USC",2015
"","27","126","Mike Davis","49ers","RB","South Carolina",2015
"","28","127","Damien Wilson","Cowboys","LB","Minnesota",2015
"","29","128","Jon Feliciano","Raiders","G","Miami (FL)",2015
"","30","129","Jake Ryan","Packers","LB","Michigan",2015
"","31","130","Terry Poole","Seahawks","G","San Diego State",2015
"","32","131","Shaquille Mason","Patriots","C","Georgia Tech",2015
"","33","132","DeAndre Smelter","49ers","WR","Georgia Tech",2015
"","34","133","Max Garcia","Broncos","C","Florida",2015
"","35","134","Mark Glowinski","Seahawks","G","West Virginia",2015
"","36","135","Marcus Hardison","Bengals","DE","Arizona State",2015
"","37","136","Tray Walker","Ravens","DB","Texas Southern",2015
"5","1","137","Grady Jarrett","Falcons","DT","Clemson",2015
"","2","138","David Cobb","Titans","RB","Minnesota",2015
"","3","139","Rashad Greene","Jaguars","WR","Florida State",2015
"","4","140","Ben Heeney","Raiders","LB","Kansas",2015
"","5","141","Martrell Spaight","Redskins","LB","Arkansas",2015
"","6","142","Adrian Amos","Bears","DB","Penn State",2015
"","7","143","MyCole Pruitt","Vikings","TE","Southern Illinois",2015
"","8","144","Mykkele Thompson","Giants","DB","Texas",2015
"","9","145","Bobby McCain","Dolphins","DB","Memphis",2015
"","10","146","Stefon Diggs","Vikings","WR","Maryland",2015
"","11","147","Brett Hundley","Packers","QB","UCLA",2015
"","12","148","Davis Tull","Saints","LB","Tennessee-Chattanooga",2015
"","13","149","Jay Ajayi","Dolphins","RB","Boise State",2015
"","14","150","Cedric Thompson","Dolphins","DB","Minnesota",2015
"","15","151","David Parry","Colts","DT","Stanford",2015
"","16","152","Jarvis Harrison","Jets","G","Texas A&M",2015
"","17","153","Kyle Emanuel","Chargers","LB","North Dakota State",2015
"","18","154","Tyeler Davison","Saints","DT","Fresno State",2015
"","19","155","Karlos Williams","Bills","RB","Florida State",2015
"","20","156","Tony Lippett","Dolphins","WR","Michigan State",2015
"","21","157","C.J. Uzomah","Bengals","TE","Auburn",2015
"","22","158","Shaquille Riddick","Cardinals","DE","West Virginia",2015
"","23","159","J.J. Nelson","Cardinals","WR","Alabama-Birmingham",2015
"","24","160","Jesse James","Steelers","TE","Penn State",2015
"","25","161","Neiron Ball","Raiders","LB","Florida",2015
"","26","162","Kenny Bell","Buccaneers","WR","Nebraska",2015
"","27","163","Ryan Russell","Cowboys","DE","Purdue",2015
"","28","164","Lorenzo Doss","Broncos","DB","Tulane",2015
"","29","165","Bradley Pinion","49ers","P","Clemson",2015
"","30","166","Joe Cardona","Patriots","C","Navy",2015
"","31","167","Damian Swann","Saints","DB","Georgia",2015
"","32","168","Michael Burton","Lions","RB","Rutgers",2015
"","33","169","David Mayo","Panthers","LB","Texas State",2015
"","34","170","Tye Smith","Seahawks","DB","Towson",2015
"","35","171","Nick Boyle","Ravens","TE","Delaware",2015
"","36","172","D.J. Alexander","Chiefs","LB","Oregon State",2015
"","37","173","James O'Shaughnessy","Chiefs","TE","Illinois State",2015
"","38","174","Cameron Artis-Payne","Panthers","RB","Auburn",2015
"","39","175","Keith Mumphery","Texans","WR","Michigan State",2015
"","40","176","Robert Myers","Ravens","G","Tennessee State",2015
"6","1","177","Deiontrez Mount","Titans","LB","Louisville",2015
"","2","178","Matthew Wells","Patriots","LB","Mississippi State",2015
"","3","179","Max Valles","Raiders","LB","Virginia",2015
"","4","180","Michael Bennett","Jaguars","DT","Ohio State",2015
"","5","181","Kyshoen Jarrett","Redskins","DB","Virginia Tech",2015
"","6","182","Tevin Mitchel","Redskins","DB","Arkansas",2015
"","7","183","Tayo Fabuluje","Bears","G","Texas Christian",2015
"","8","184","Kaelin Clay","Buccaneers","WR","Utah",2015
"","9","185","Tyrus Thompson","Vikings","T","Oklahoma",2015
"","10","186","Geremy Davis","Giants","WR","Connecticut",2015
"","11","187","Evan Spencer","Redskins","WR","Ohio State",2015
"","12","188","Tony Steward","Bills","LB","Clemson",2015
"","13","189","Charles Gaines","Browns","DB","Louisville",2015
"","14","190","Ian Silberman","49ers","G","Boston College",2015
"","15","191","JaCorey Shepherd","Eagles","DB","Kansas",2015
"","16","192","Darius Philon","Chargers","DT","Arkansas",2015
"","17","193","B.J. Dubose","Vikings","DE","Louisville",2015
"","18","194","Nick O'Leary","Bills","TE","Florida State",2015
"","19","195","Malcolm Johnson","Browns","TE","Mississippi State",2015
"","20","196","Randall Evans","Eagles","DB","Kansas State",2015
"","21","197","Derron Smith","Bengals","DB","Fresno State",2015
"","22","198","Randall Telfer","Browns","TE","USC",2015
"","23","199","Leterrius Walton","Steelers","DT","Central Michigan",2015
"","24","200","Quandre Diggs","Lions","DB","Texas",2015
"","25","201","Bud Sasser","Rams","WR","Missouri",2015
"","26","202","A.J. Derby","Patriots","TE","Arkansas",2015
"","27","203","Darius Kilgo","Broncos","DT","Maryland",2015
"","28","204","Darren Waller","Ravens","WR","Georgia Tech",2015
"","29","205","Josh Robinson","Colts","RB","Mississippi State",2015
"","30","206","Aaron Ripkowski","Packers","RB","Oklahoma",2015
"","31","207","Amarlo Herrera","Colts","LB","Georgia",2015
"","32","208","Andy Gallik","Titans","C","Boston College",2015
"","33","209","Obum Gwacham","Seahawks","DE","Oregon State",2015
"","34","210","Christian Ringo","Packers","DE","Louisiana-Lafayette",2015
"","35","211","Reshard Cliett","Texans","LB","South Florida",2015
"","36","212","Anthony Chickillo","Steelers","DE","Miami (FL)",2015
"","37","213","Kennard Backman","Packers","TE","Alabama-Birmingham",2015
"","38","214","Kristjan Sokoli","Seahawks","DT","Buffalo",2015
"","39","215","Cody Wichmann","Rams","G","Fresno State",2015
"","40","216","Christian Covington","Texans","DT","Rice",2015
"","41","217","Rakeem Nunez-Roches","Chiefs","DT","Southern Mississippi",2015
"7","1","218","Anthony Morris","Raiders","T","Tennessee State",2015
"","2","219","Hayes Pullard","Browns","LB","USC",2015
"","3","220","Neal Sterling","Jaguars","WR","Monmouth",2015
"","4","221","Andre Debose","Raiders","WR","Florida",2015
"","5","222","Austin Reiter","Redskins","C","South Florida",2015
"","6","223","Deon Simon","Jets","DT","Northwestern State (LA)",2015
"","7","224","Bryce Hager","Rams","LB","Baylor",2015
"","8","225","Jake Rodgers","Falcons","T","Eastern Washington",2015
"","9","226","Bobby Hart","Giants","G","Florida State",2015
"","10","227","Martin Ifedi","Rams","DE","Memphis",2015
"","11","228","Austin Shepherd","Vikings","T","Alabama",2015
"","12","229","Ben Koyack","Jaguars","TE","Notre Dame",2015
"","13","230","Marcus Murphy","Saints","RB","Missouri",2015
"","14","231","Joey Iosefa","Buccaneers","RB","Hawaii",2015
"","15","232","Edmond Robinson","Vikings","LB","Newberry",2015
"","16","233","Da'Ron Brown","Chiefs","WR","Northern Illinois",2015
"","17","234","Dezmin Lewis","Bills","WR","Central Arkansas",2015
"","18","235","Kenny Hilliard","Texans","RB","Louisiana State",2015
"","19","236","Mark Nzeocha","Cowboys","LB","Wyoming",2015
"","20","237","Brian Mihalik","Eagles","DE","Boston College",2015
"","21","238","Mario Alford","Bengals","WR","West Virginia",2015
"","22","239","Gerod Holliman","Steelers","DB","Louisville",2015
"","23","240","Corey Robinson","Lions","T","South Carolina",2015
"","24","241","Ifo Ekpre-Olomu","Browns","DB","Oregon",2015
"","25","242","Dexter McDonald","Raiders","DB","Kansas",2015
"","26","243","Laurence Gibson","Cowboys","T","Virginia Tech",2015
"","27","244","Trenton Brown","49ers","G","Florida",2015
"","28","245","Tre McBride","Titans","WR","William & Mary",2015
"","29","246","Geoff Swaim","Cowboys","TE","Texas",2015
"","30","247","Darryl Roberts","Patriots","DB","Marshall",2015
"","31","248","Ryan Murphy","Seahawks","DB","Oregon State",2015
"","32","249","Akeem King","Falcons","DB","San Jose State",2015
"","33","250","Trevor Siemian","Broncos","QB","Northwestern",2015
"","34","251","Taurean Nixon","Broncos","DB","Tulane",2015
"","35","252","Josh Furman","Broncos","DB","Oklahoma State",2015
"","36","253","Xzavier Dickson","Patriots","LB","Alabama",2015
"","37","254","Rory 'Busta' Anderson","49ers","TE","South Carolina",2015
"","38","255","Denzell Goode","Colts","T","Mars Hill",2015
"","39","256","Gerald Christian","Cardinals","TE","Louisville",2015
"Round","Pick","Player","Name","Team","Position","College",2016
"1","1","1","Jared Goff","Rams","QB","California",2016
"","2","2","Carson Wentz","Eagles","QB","North Dakota State",2016
"","3","3","Joey Bosa","Chargers","DE","Ohio State",2016
"","4","4","Ezekiel Elliott","Cowboys","RB","Ohio State",2016
"","5","5","Jalen Ramsey","Jaguars","DB","Florida State",2016
"","6","6","Ronnie Stanley","Ravens","T","Notre Dame",2016
"","7","7","DeForest Buckner","49ers","DE","Oregon",2016
"","8","8","Jack Conklin","Titans","T","Michigan State",2016
"","9","9","Leonard Floyd","Bears","LB","Georgia",2016
"","10","10","Eli Apple","Giants","DB","Ohio State",2016
"","11","11","Vernon Hargreaves","Buccaneers","DB","Florida",2016
"","12","12","Sheldon Rankins","Saints","DT","Louisville",2016
"","13","13","Laremy Tunsil","Dolphins","T","Mississippi",2016
"","14","14","Karl Joseph","Raiders","DB","West Virginia",2016
"","15","15","Corey Coleman","Browns","WR","Baylor",2016
"","16","16","Taylor Decker","Lions","T","Ohio State",2016
"","17","17","Keanu Neal","Falcons","DB","Florida",2016
"","18","18","Ryan Kelly","Colts","C","Alabama",2016
"","19","19","Shaq Lawson","Bills","DE","Clemson",2016
"","20","20","Darron Lee","Jets","LB","Ohio State",2016
"","21","21","Will Fuller","Texans","WR","Notre Dame",2016
"","22","22","Josh Doctson","Redskins","WR","Texas Christian",2016
"","23","23","Laquon Treadwell","Vikings","WR","Mississippi",2016
"","24","24","William Jackson III","Bengals","DB","Houston",2016
"","25","25","Artie Burns","Steelers","DB","Miami (FL)",2016
"","26","26","Paxton Lynch","Broncos","QB","Memphis",2016
"","27","27","Kenny Clark","Packers","DT","UCLA",2016
"","28","28","Joshua Garnett","49ers","G","Stanford",2016
"","29","29","Robert Nkemdiche","Cardinals","DT","Mississippi",2016
"","30","30","Vernon Butler","Panthers","DT","Louisiana Tech",2016
"","31","31","Germain Ifedi","Seahawks","G","Texas A&M",2016
"2","1","32","Emmanuel Ogbah","Browns","DE","Oklahoma State",2016
"","2","33","Kevin Dodd","Titans","DE","Clemson",2016
"","3","34","Jaylon Smith","Cowboys","LB","Notre Dame",2016
"","4","35","Hunter Henry","Chargers","TE","Arkansas",2016
"","5","36","Myles Jack","Jaguars","LB","UCLA",2016
"","6","37","Chris Jones","Chiefs","DT","Mississippi State",2016
"","7","38","Xavien Howard","Dolphins","DB","Baylor",2016
"","8","39","Noah Spence","Buccaneers","DE","Eastern Kentucky",2016
"","9","40","Sterling Shepard","Giants","WR","Oklahoma",2016
"","10","41","Reggie Ragland","Bills","LB","Alabama",2016
"","11","42","Kamalei Correa","Ravens","DE","Boise State",2016
"","12","43","Austin Johnson","Titans","DT","Penn State",2016
"","13","44","Jihad Ward","Raiders","DE","Illinois",2016
"","14","45","Derrick Henry","Titans","RB","Alabama",2016
"","15","46","A'Shawn Robinson","Lions","DT","Alabama",2016
"","16","47","Michael Thomas","Saints","WR","Ohio State",2016
"","17","48","Jason Spriggs","Packers","T","Indiana",2016
"","18","49","Jarran Reed","Seahawks","DT","Alabama",2016
"","19","50","Nick Martin","Texans","G","Notre Dame",2016
"","20","51","Christian Hackenberg","Jets","QB","Penn State",2016
"","21","52","Deion Jones","Falcons","LB","Louisiana State",2016
"","22","53","Su'a Cravens","Redskins","LB","USC",2016
"","23","54","Mackensie Alexander","Vikings","DB","Clemson",2016
"","24","55","Tyler Boyd","Bengals","WR","Pittsburgh",2016
"","25","56","Cody Whitehair","Bears","G","Kansas State",2016
"","26","57","T.J. Green","Colts","DB","Clemson",2016
"","27","58","Sean Davis","Steelers","DB","Maryland",2016
"","28","59","Roberto Aguayo","Buccaneers","K","Florida State",2016
"","29","60","Cyrus Jones","Patriots","DB","Alabama",2016
"","30","61","Vonn Bell","Saints","DB","Ohio State",2016
"","31","62","James Bradberry","Panthers","DB","Samford",2016
"","32","63","Adam Gotsis","Broncos","DT","Georgia Tech",2016
"3","1","64","Kevin Byard","Titans","DB","Middle Tennessee State",2016
"","2","65","Carl Nassib","Browns","DE","Penn State",2016
"","3","66","Max Tuerk","Chargers","C","USC",2016
"","4","67","Maliek Collins","Cowboys","DT","Nebraska",2016
"","5","68","Will Redmond","49ers","DB","Mississippi State",2016
"","6","69","Yannick Ngakoue","Jaguars","DE","Maryland",2016
"","7","70","Bronson Kaufusi","Ravens","DE","Brigham Young",2016
"","8","71","Darian Thompson","Giants","DB","Boise State",2016
"","9","72","Jonathan Bullard","Bears","DT","Florida",2016
"","10","73","Kenyan Drake","Dolphins","RB","Alabama",2016
"","11","74","KeiVarae Russell","Chiefs","DB","Notre Dame",2016
"","12","75","Shilique Calhoun","Raiders","DE","Michigan State",2016
"","13","76","Shon Coleman","Browns","T","Auburn",2016
"","14","77","Daryl Worley","Panthers","DB","West Virginia",2016
"","15","78","Joe Thuney","Patriots","G","North Carolina State",2016
"","16","79","Isaac Seumalo","Eagles","G","Oregon State",2016
"","17","80","Adolphus Washington","Bills","DT","Ohio State",2016
"","18","81","Austin Hooper","Falcons","TE","Stanford",2016
"","19","82","Le'Raven Clark","Colts","T","Texas Tech",2016
"","20","83","Jordan Jenkins","Jets","LB","Georgia",2016
"","21","84","Kendall Fuller","Redskins","DB","Virginia Tech",2016
"","22","85","Braxton Miller","Texans","WR","Ohio State",2016
"","23","86","Leonte Carroo","Dolphins","WR","Rutgers",2016
"","24","87","Nick Vigil","Bengals","LB","Utah State",2016
"","25","88","Kyler Fackrell","Packers","LB","Utah State",2016
"","26","89","Javon Hargrave","Steelers","DT","South Carolina State",2016
"","27","90","C.J. Prosise","Seahawks","RB","Notre Dame",2016
"","29","91","Jacoby Brissett","Patriots","QB","North Carolina State",2016
"","30","92","Brandon Williams","Cardinals","DB","Texas A&M",2016
"","31","93","Cody Kessler","Browns","QB","USC",2016
"","32","94","Nick Vannett","Seahawks","TE","Ohio State",2016
"","33","95","Graham Glasgow","Lions","C","Michigan",2016
"","34","96","Vincent Valentine","Patriots","DT","Nebraska",2016
"","35","97","Rees Odhiambo","Seahawks","G","Boise State",2016
"","36","98","Justin Simmons","Broncos","DB","Boston College",2016
"4","1","99","Joe Schobert","Browns","LB","Wisconsin",2016
"","2","100","Connor Cook","Raiders","QB","Michigan State",2016
"","3","101","Charles Tapper","Cowboys","DE","Oklahoma",2016
"","4","102","Joshua Perry","Chargers","LB","Ohio State",2016
"","5","103","Sheldon Day","Jaguars","DT","Notre Dame",2016
"","6","104","Tavon Young","Ravens","DB","Temple",2016
"","7","105","Parker Ehinger","Chiefs","G","Cincinnati",2016
"","8","106","Eric Murray","Chiefs","DB","Minnesota",2016
"","9","107","Chris Moore","Ravens","WR","Cincinnati",2016
"","10","108","Ryan Smith","Buccaneers","DB","North Carolina Central",2016
"","11","109","B.J. Goodson","Giants","LB","Clemson",2016
"","12","110","Tyler Higbee","Rams","TE","Western Kentucky",2016
"","13","111","Miles Killebrew","Lions","DB","Southern Utah",2016
"","14","112","Malcolm Mitchell","Patriots","WR","Georgia",2016
"","15","113","Nick Kwiatkoski","Bears","LB","West Virginia",2016
"","16","114","Ricardo Louis","Browns","WR","Auburn",2016
"","17","115","De'Vondre Campbell","Falcons","LB","Minnesota",2016
"","18","116","Hassan Ridgeway","Colts","DT","Texas",2016
"","19","117","Pharoh Cooper","Rams","WR","South Carolina",2016
"","20","118","Juston Burris","Jets","DB","North Carolina State",2016
"","21","119","Tyler Ervin","Texans","RB","San Jose State",2016
"","22","120","David Onyemata","Saints","DT","Manitoba",2016
"","23","121","Willie Beavers","Vikings","T","Western Michigan",2016
"","24","122","Andrew Billings","Bengals","DT","Baylor",2016
"","25","123","Jerald Hawkins","Steelers","T","Louisiana State",2016
"","26","124","Deon Bush","Bears","DB","Miami (FL)",2016
"","27","125","Antonio Morrison","Colts","LB","Florida",2016
"","28","126","Demarcus Robinson","Chiefs","WR","Florida",2016
"","29","127","Deiondre' Hall","Bears","DB","Northern Iowa",2016
"","30","128","Evan Boehm","Cardinals","C","Missouri",2016
"","31","129","Derrick Kindred","Browns","DB","Texas Christian",2016
"","32","130","Alex Lewis","Ravens","T","Nebraska",2016
"","33","131","Blake Martinez","Packers","LB","Stanford",2016
"","34","132","Willie Henry","Ravens","DT","Michigan",2016
"","35","133","Rashard Robinson","49ers","DB","Louisiana State",2016
"","36","134","Kenneth Dixon","Ravens","RB","Louisiana Tech",2016
"","37","135","Dak Prescott","Cowboys","QB","Mississippi State",2016
"","38","136","Devontae Booker","Broncos","RB","Utah",2016
"","39","137","Dean Lowry","Packers","DE","Northwestern",2016
"","40","138","Seth Devalve","Browns","TE","Princeton",2016
"","41","139","Cardale Jones","Bills","QB","Ohio State",2016
"5","1","140","Tajae Sharpe","Titans","WR","Massachusetts",2016
"","2","141","Zack Sanchez","Panthers","DB","Oklahoma",2016
"","3","142","Ronald Blair","49ers","DE","Appalachian State",2016
"","4","143","DeAndre Washington","Raiders","RB","Texas Tech",2016
"","5","144","Connor McGovern","Broncos","G","Missouri",2016
"","6","145","John Theus","49ers","T","Georgia",2016
"","7","146","Matt Judon","Ravens","DE","Grand Valley State",2016
"","8","147","Quinton Jefferson","Seahawks","DT","Maryland",2016
"","9","148","Caleb Benenoch","Buccaneers","T","UCLA",2016
"","10","149","Paul Perkins","Giants","RB","UCLA",2016
"","11","150","Jordan Howard","Bears","RB","Indiana",2016
"","12","151","Joe Dahl","Lions","G","Washington State",2016
"","13","152","Matthew Ioannidis","Redskins","DT","Temple",2016
"","14","153","Wendell Smallwood","Eagles","RB","West Virginia",2016
"","15","154","Jordan Payton","Browns","WR","UCLA",2016
"","17","155","Joe Haeg","Colts","T","North Dakota State",2016
"","18","156","Jonathan Williams","Bills","RB","Arkansas",2016
"","20","157","LeShaun Sims","Titans","DB","Southern Utah",2016
"","21","158","Brandon Shell","Jets","T","South Carolina",2016
"","22","159","K.J. Dillon","Texans","DB","West Virginia",2016
"","23","160","Kentrell Brothers","Vikings","LB","Missouri",2016
"","24","161","Christian Westerman","Bengals","G","Arizona State",2016
"","25","162","Kevin Hogan","Chiefs","QB","Stanford",2016
"","26","163","Trevor Davis","Packers","WR","California",2016
"","27","164","Halapoulivaati Vaitai","Eagles","T","Texas Christian",2016
"","28","165","Tyreek Hill","Chiefs","WR","West Alabama",2016
"","29","166","D.J. Reader","Texans","DT","Clemson",2016
"","30","167","Marqui Christian","Cardinals","DB","Midwestern State (TX)",2016
"","31","168","Spencer Drango","Browns","G","Baylor",2016
"","32","169","Antwione Williams","Lions","LB","Georgia Southern",2016
"","33","170","Cole Toner","Cardinals","T","Harvard",2016
"","34","171","Alex Collins","Seahawks","RB","Arkansas",2016
"","35","172","Rashard Higgins","Browns","WR","Colorado State",2016
"","36","173","Trey Caldwell","Browns","DB","Louisiana-Monroe",2016
"","37","174","Fahn Cooper","49ers","T","Mississippi",2016
"","38","175","Jatavis Brown","Chargers","LB","Akron",2016
"6","1","176","Andy Janovich","Broncos","RB","Nebraska",2016
"","2","177","Temarrick Hemingway","Rams","TE","South Carolina State",2016
"","3","178","D.J. White","Chiefs","DB","Georgia Tech",2016
"","4","179","Drew Kaser","Chargers","P","Texas A&M",2016
"","5","180","Moritz Boehringer","Vikings","WR","",2016
"","6","181","Tyrone Holmes","Jaguars","LB","Montana",2016
"","7","182","Keenan Reynolds","Ravens","RB","Navy",2016
"","8","183","Devante Bond","Buccaneers","LB","Oklahoma",2016
"","9","184","Jerell Adams","Giants","TE","South Carolina",2016
"","10","185","DeAndre Houston-Carson","Bears","DB","William & Mary",2016
"","11","186","Jakeem Grant","Dolphins","WR","Texas Tech",2016
"","12","187","Nate Sudfeld","Redskins","QB","Indiana",2016
"","13","188","David Morgan","Vikings","TE","Texas-San Antonio",2016
"","14","189","Anthony Brown","Cowboys","DB","Purdue",2016
"","15","190","Josh Forrest","Rams","LB","Kentucky",2016
"","16","191","Jake Rudock","Lions","QB","Michigan",2016
"","17","192","Kolby Listenbee","Bills","WR","Texas Christian",2016
"","18","193","Sebastian Tretola","Titans","G","Arkansas",2016
"","19","194","Cory James","Raiders","LB","Colorado State",2016
"","20","195","Wes Schweitzer","Falcons","G","San Jose State",2016
"","21","196","Blake Countess","Eagles","DB","Auburn",2016
"","22","197","Dan Vitale","Buccaneers","RB","Northwestern",2016
"","23","198","Derek Watt","Chargers","RB","Wisconsin",2016
"","24","199","Cody Core","Bengals","WR","Mississippi",2016
"","25","200","Kyle Murphy","Packers","T","Stanford",2016
"","26","201","Brandon Allen","Jaguars","QB","Arkansas",2016
"","27","202","Anthony Zettel","Lions","DT","Penn State",2016
"","28","203","Dadi Nicolas","Chiefs","DE","Virginia Tech",2016
"","29","204","Jordan Lucas","Dolphins","DB","Penn State",2016
"","30","205","Harlan Miller","Cardinals","DB","Southeastern Louisiana",2016
"","31","206","Mike Thomas","Rams","WR","Southern Mississippi",2016
"","32","207","Jeff Driskel","49ers","QB","Louisiana Tech",2016
"","33","208","Kamu Grugier-Hill","Patriots","LB","Eastern Illinois",2016
"","34","209","Maurice Canady","Ravens","DB","Virginia",2016
"","35","210","Jimmy Landes","Lions","C","Baylor",2016
"","36","211","Kelvin Taylor","49ers","RB","Florida",2016
"","37","212","Kavon Frazier","Cowboys","DB","Central Michigan",2016
"","38","213","Aaron Burbridge","49ers","WR","Michigan State",2016
"","39","214","Elandon Roberts","Patriots","LB","Houston",2016
"","40","215","Joey Hunt","Seahawks","C","Texas Christian",2016
"","41","216","Darius Jackson","Cowboys","RB","Eastern Michigan",2016
"","42","217","Rico Gathers","Cowboys","TE","Baylor",2016
"","43","218","Kevon Seymour","Bills","DB","USC",2016
"","44","219","Will Parks","Broncos","DB","Arizona",2016
"","45","220","Travis Feeney","Steelers","LB","Washington",2016
"","46","221","Ted Karras","Patriots","G","Illinois",2016
"7","1","222","Aaron Wallace","Titans","LB","UCLA",2016
"","2","223","Brandon Doughty","Dolphins","QB","Western Kentucky",2016
"","3","224","Donavon Clark","Chargers","G","Michigan State",2016
"","4","225","Devin Lucien","Patriots","WR","Arizona State",2016
"","5","226","Jonathan Woodard","Jaguars","DE","Central Arkansas",2016
"","6","227","Stephen Weatherly","Vikings","LB","Vanderbilt",2016
"","7","228","Riley Dixon","Broncos","P","Syracuse",2016
"","8","229","DeMarcus Ayers","Steelers","WR","Houston",2016
"","9","230","Daniel Braverman","Bears","WR","Western Michigan",2016
"","10","231","Thomas Duarte","Dolphins","TE","UCLA",2016
"","11","232","Steven Daniels","Redskins","LB","Boston College",2016
"","12","233","Jalen Mills","Eagles","DB","Louisiana State",2016
"","13","234","Vadal Alexander","Raiders","G","Louisiana State",2016
"","14","235","Lac Edwards","Jets","P","Sam Houston State",2016
"","15","236","Dwayne Washington","Lions","RB","Washington",2016
"","16","237","Daniel Lasco","Saints","RB","California",2016
"","17","238","Devin Fuller","Falcons","WR","UCLA",2016
"","18","239","Trevor Bates","Colts","LB","Maine",2016
"","19","240","Alex McCalister","Eagles","DE","Florida",2016
"","20","241","Charone Peake","Jets","WR","Clemson",2016
"","21","242","Keith Marshall","Redskins","RB","Georgia",2016
"","22","243","Kenny Lawler","Seahawks","WR","California",2016
"","23","244","Jayron Kearse","Vikings","DB","Clemson",2016
"","24","245","Clayton Fejedelem","Bengals","DB","Illinois",2016
"","25","246","Tyler Matakevich","Steelers","LB","Temple",2016
"","26","247","Zac Brooks","Seahawks","RB","Clemson",2016
"","27","248","Austin Blythe","Colts","C","Iowa",2016
"","28","249","Prince Charles Iworah","49ers","DB","Western Kentucky",2016
"","29","250","Scooby Wright III","Browns","LB","Arizona",2016
"","30","251","Joe Walker","Eagles","LB","Oregon",2016
"","31","252","Beau Sandland","Panthers","TE","Montana State",2016
"","32","253","Kalan Reed","Titans","DB","Southern Mississippi",2016
