"pick","name","nfl_team","year"
"1","Cam Newton","Panthers",2011
"2","Von Miller","Broncos",2011
"3","Marcell Dareus","Bills",2011
"4","A.J. Green","Bengals",2011
"5","Patrick Peterson","Cardinals",2011
"6","Julio Jones","Falcons",2011
"7","Aldon Smith","49ers",2011
"8","Jake Locker","Titans",2011
"9","Tyron Smith","Cowboys",2011
"10","Blaine Gabbert","Jaguars",2011
"11","J.J. Watt","Texans",2011
"12","Christian Ponder","Vikings",2011
"13","Nick Fairley","Lions",2011
"14","Robert Quinn","Rams",2011
"15","Mike Pouncey","Dolphins",2011
"16","Ryan Kerrigan","Redskins",2011
"17","Nate Solder","Patriots",2011
"18","Corey Liuget","Chargers",2011
"19","Prince Amukamara","Giants",2011
"20","Adrian Clayborn","Buccaneers",2011
"21","Phil Taylor","Browns",2011
"22","Anthony Castonzo","Colts",2011
"23","Danny Watkins","Eagles",2011
"24","Cameron Jordan","Saints",2011
"25","James Carpenter","Seahawks",2011
"26","Jon Baldwin","Chiefs",2011
"27","Jimmy Smith","Ravens",2011
"28","Mark Ingram","Saints",2011
"29","Gabe Carimi","Bears",2011
"30","Muhammad Wilkerson","Jets",2011
"31","Cameron Hayward","Steelers",2011
"32","Derek Sherrod","Packers",2011
"33","Ras-I Dowling","Patriots",2011
"34","Aaron Williams","Bills",2011
"35","Andy Dalton","Bengals",2011
"36","Colin Kaepernick","49ers",2011
"37","Jabaal Sheard","Browns",2011
"38","Ryan Williams","Cardinals",2011
"39","Akeem Ayers","Titans",2011
"40","Bruce Carter","Cowboys",2011
"41","Jarvis Jenkins","Redskins",2011
"42","Brooks Reed","Texans",2011
"43","Kyle Rudolph","Vikings",2011
"44","Titus Young","Lions",2011
"45","Rahim Moore","Broncos",2011
"46","Orlando Franklin","Broncos",2011
"47","Lance Kendricks","Rams",2011
"48","Stefan Wisniewki","Raiders",2011
"49","Benjamin Ijalana","Colts",2011
"50","Marcus Gilchrist","Chargers",2011
"51","Da'Quan Bowers","Buccaneers",2011
"52","Marvin Austin","Giants",2011
"53","Stephen Paea","Bears",2011
"54","Jaiquawn Jarrett","Eagles",2011
"55","Rodney Hudson","Chiefs",2011
"56","Shane Vereen","Patriots",2011
"57","Mikel Leshoure","Lions",2011
"58","Torrey Smith","Ravens",2011
"59","Greg Little","Browns",2011
"60","Brandon Harris","Texans",2011
"61","Jonas Mouton","Chargers",2011
"62","Daniel Thomas","Dolphins",2011
"63","Marcus Gilbert","Steelers",2011
"64","Randall Cobb","Packers",2011
"65","Terrell McClain","Panthers",2011
"66","Dontay Moch","Bengals",2011
"67","Nate Irving","Broncos",2011
"68","Kelvin Sheppard","Bills",2011
"69","Robert Housler","Cardinals",2011
"70","Justin Houston","Chiefs",2011
"71","Demarco Murray","Cowboys",2011
"72","Martez Wilson","Saints",2011
"73","Stevan Ridley","Patriots",2011
"74","Ryan Mallett","Patriots",2011
"75","John Moffitt","Seahawks",2011
"76","William Rackley","Jaguars",2011
"77","Jurrell Casey","Titans",2011
"78","Austin Pettis","Rams",2011
"79","Leonard Hankerson","Redskins",2011
"80","Chris Culliver","49ers",2011
"81","Demarcus Van Dyke","Raiders",2011
"82","Vincent Brown","Chargers",2011
"83","Jerrel Jernigan","Giants",2011
"84","Mason Foster","Buccaneers",2011
"85","Jah Reid","Ravens",2011
"86","Allen Bailey","Chiefs",2011
"87","Drake Nevis","Colts",2011
"88","Johnny Patrick","Saints",2011
"89","Shareece Wright","Chargers",2011
"90","Curtis Marsh","Eagles",2011
"91","Akeem Dent","Falcons",2011
"92","Joseph Barksdale","Raiders",2011
"93","Chris Conte","Bears",2011
"94","Kenrick Ellis","Jets",2011
"95","Curtis Brown","Steelers",2011
"96","Alex Green","Packers",2011
"97","Slone Fua","Panthers",2011
"98","Brandon Hogan","Panthers",2011
"99","K.J. Wright","Seahawks",2011
"100","Da'Norris Searcy","Bills",2011
"101","Clint Boling","Bengals",2011
"102","Jordan Cameron","Browns",2011
"103","Sam Acho","Cardinals",2011
"104","Luke Stocker","Buccaneers",2011
"105","Roy Helu","Redskins",2011
"106","Christian Ballard","Vikings",2011
"107","Kris Durham","Seahawks",2011
"108","Quinton Carter","Broncos",2011
"109","Colin McCarthy","Titans",2011
"110","David Arking","Cowboys",2011
"111","Edmond Gates","Dolphins",2011
"112","Greg Salas","Rams",2011
"113","Chimdi Chekwa","Raiders",2011
"114","Cecil Shorts","Jaguars",2011
"115","Kendall Hunter","49ers",2011
"116","Casey Matthews","Eagles",2011
"117","James Brewer","Giants",2011
"118","Jalil Brown","Chiefs",2011
"119","Delone Carter","Colts",2011
"120","Alex Henery","Eagles",2011
"121","Chris Prosinski","Jaguars",2011
"122","Chris Hairston","Bills",2011
"123","Tandon Doss","Ravens",2011
"124","Owen Marecic","Browns",2011
"125","Taiwan Jones","Raiders",2011
"126","Bilal Powell","Jets",2011
"127","Rashad Carmichael","Texans",2011
"128","Cortez Allen","Steelers",2011
"129","Julius Thomas","Broncos",2011
"130","Jamie Harper","Titans",2011
"131","Davon House","Packers",2011
"132","Kealoha Pilares","Panthers",2011
"133","Johnny White","Bills",2011
"134","Robert Sands","Bengals",2011
"135","Ricky Stanzi","Chiefs",2011
"136","Anthony Sherman","Cardinals",2011
"137","Buster Skrine","Browns",2011
"138","Marcus Cannon","Patriots",2011
"139","Brandon Burton","Vikings",2011
"140","Gabe Miller","Chiefs",2011
"141","D.J. Williams","Packers",2011
"142","Karl Klug","Titans",2011
"143","Josh Thomas","Cowboys",2011
"144","Shiloh Keo","Texans",2011
"145","Jacquizz Rodgers","Falcons",2011
"146","Dejon Gomes","Redskins",2011
"147","Rod Isaac","Jaguars",2011
"148","Denarius Moore","Raiders",2011
"149","Dion Lewis","Eagles",2011
"150","Jason Pinkston","Browns",2011
"151","Ahmad Black","Buccaneers",2011
"152","T.J. Yates","Texans",2011
"153","Jeremy Kerley","Jets",2011
"154","Richard Sherman","Seahawks",2011
"155","Niles Paul","Redskins",2011
"156","Mark Legree","Seahawks",2011
"157","Douglas Hogue","Lions",2011
"158","Jermale Hines","Rams",2011
"159","Lee Smith","Patriots",2011
"160","Nathan Enderle","Bears",2011
"161","Julian Vandervele","Eagles",2011
"162","Chris Carter","Steelers",2011
"163","Daniel Kilgore","49ers",2011
"164","Chykie Brown","Ravens",2011
"165","Pernell McPhee","Ravens",2011
"166","Lawrence Wilson","Panthers",2011
"167","Ryan Whelan","Bengals",2011
"168","Demarcus Love","Vikings",2011
"169","Chris White","Bills",2011
"170","Mistral Raymond","Vikings",2011
"171","Quan Sturdivant","Cardinals",2011
"172","Brandon Fusco","Vikings",2011
"173","Byron Maxwell","Seahawks",2011
"174","Charles Clay","Dolphins",2011
"175","Byron Stingily","Titans",2011
"176","Dwayne Harris","Cowboys",2011
"177","Evan Royster","Redskins",2011
"178","Aldrick Robinson","Redskins",2011
"179","Caleb Schlauderaff","Packers",2011
"180","Tyrod Taylor","Ravens",2011
"181","Richard Gordon","Raiders",2011
"182","Ronald Johnson","49ers",2011
"183","Jordan Todman","Chargers",2011
"184","David Carter","Cardinals",2011
"185","Greg Jones","Giants",2011
"186","D.J. Smith","Packers",2011
"187","Allen Bradford","Buccaneers",2011
"188","Chris Rucker","Colts",2011
"189","Mike Mohamed","Broncos",2011
"190","Colin Jones","49ers",2011
"191","Jason Kelce","Eagles",2011
"192","Matt Bosher","Falcons",2011
"193","Brian Rolle","Eagles",2011
"194","Markell Carter","Patriots",2011
"195","James Thomas","Bears",2011
"196","Keith Williams","Steelers",2011
"197","Ricky Elmore","Packers",2011
"198","Tyler Sash","Giants",2011
"199","Jerrell Powe","Chiefs",2011
"200","Ross Homan","Vikings",2011
"201","Stephen Schilling","Chargers",2011
"202","Jacquian Williams","Giants",2011
"203","Zach Williams","Panthers",2011
"204","Virgil Green","Broncos",2011
"205","Lazarius Levingston","Seahawks",2011
"206","Justin Rogers","Bills",2011
"207","Korey Lindsey","Bengals",2011
"208","Greg McElroy","Jets",2011
"209","Johnny Culbreath","Lions",2011
"210","Andrew Jackson","Falcons",2011
"211","Bruce Miller","49ers",2011
"212","Zach Clayton","Titans",2011
"213","Brandyn Thompson","Redskins",2011
"214","Derek Newton","Texans",2011
"215","D'Aundre Reed","Vikings",2011
"216","Mikail Baker","Rams",2011
"217","Maurice Hurt","Redskins",2011
"218","Ryan Taylor","Packers",2011
"219","Malcolm Williams","Patriots",2011
"220","Shaun Chapas","Cowboys",2011
"221","Da'Rel Scott","Giants",2011
"222","Anthony Gaitor","Buccaneers",2011
"223","Shane Bannon","Chiefs",2011
"224","Markus White","Redskins",2011
"225","Anthony Allen","Ravens",2011
"226","Greg Romeus","Saints",2011
"227","Scotty McKnight","Jets",2011
"228","Jabara Williams","Rams",2011
"229","Jonathan Nelson","Rams",2011
"230","Cliff Matthews","Falcons",2011
"231","Frank Kearse","Dolphins",2011
"232","Baron Batch","Steelers",2011
"233","Lawrence Guy","Packers",2011
"234","Andrew Gachkar","Chargers",2011
"235","Jimmy Wilson","Dolphins",2011
"236","Stephen Burton","Vikings",2011
"237","Greg Lloyd","Eagles",2011
"238","Daniel Hard","Buccaneers",2011
"239","Michael Person","49ers",2011
"240","Stanley Havili","Eagles",2011
"241","David Ausberry","Raiders",2011
"242","Malcolm Smith","Seahawks",2011
"243","Nate Bussey","Saints",2011
"244","Lee Ziemba","Panthers",2011
"245","Michael Jasper","Bills",2011
"246","Jay Finlay","Bengals",2011
"247","Jeremy Beal","Broncos",2011
"248","Eric Hagg","Browns",2011
"249","Demarco Sampson","Cardinals",2011
"250","Curtis Holcomb","49ers",2011
"251","Tommie Campbell","Titans",2011
"252","Bill Nagy","Cowboys",2011
"253","Chris Neild","Redskins",2011
"254","Cheta Ozougwu","Texans",2011
"1","Andrew Luck","Colts",2012
"2","Robert Griffin III","Redskins",2012
"3","Trent Richardson","Browns",2012
"4","Matt Kalil","Vikings",2012
"5","Justin Blackmon","Jaguars",2012
"6","Morris Claiborne","Cowboys",2012
"7","Mark Barron","Buccaneers",2012
"8","Ryan Tannehill","Dolphins",2012
"9","Luke Kuechly","Panthers",2012
"10","Stephon Gilmore","Bills",2012
"11","Dontari Poe","Chiefs",2012
"12","Fletcher Cox","Eagles",2012
"13","Michael Floyd","Cardinals",2012
"14","Michael Brockers","Rams",2012
"15","Bruce Irvin","Seahawks",2012
"16","Quinton Coples","Jets",2012
"17","Dre Kirkpatrick","Bengals",2012
"18","Melvin Ingram","Chargers",2012
"19","Shea McClellin","Bears",2012
"20","Kendall Wright","Titans",2012
"21","Chandler Jones","Patriots",2012
"22","Brandon Weeden","Browns",2012
"23","Riley Reiff","Lions",2012
"24","David DeCastro","Steelers",2012
"25","Dont'a Hightower","Patriots",2012
"26","Whitney Mercilus","Texans",2012
"27","Kevin Zeitler","Bengals",2012
"28","Nick Perry","Packers",2012
"29","Harrison Smith","Vikings",2012
"30","A.J. Jenkins","49ers",2012
"31","Doug Martin","Buccaneers",2012
"32","David Wilson","Giants",2012
"33","Brian Quick","Rams",2012
"34","Coby Fleener","Colts",2012
"35","Courtney Upshaw","Ravens",2012
"36","Derek Wolfe","Broncos",2012
"37","Mitchell Schwartz","Browns",2012
"38","Andre Branch","Jaguars",2012
"39","Janoris Jenkins","Rams",2012
"40","Amini Silatolu","Panthers",2012
"41","Cordy Glenn","Bills",2012
"42","Jonathan Martin","Dolphins",2012
"43","Stephen Hill","Jets",2012
"44","Jeff Allen","Chiefs",2012
"45","Alshon Jeffery","Bears",2012
"46","Mychal Kendricks","Eagles",2012
"47","Bobby Wagner","Seahawks",2012
"48","Tavon Wilson","Patriots",2012
"49","Kendall Reyes","Chargers",2012
"50","Isaiah Pead","Rams",2012
"51","Jerel Worthy","Packers",2012
"52","Zach Brown","Titans",2012
"53","Devon Still","Bengals",2012
"54","Ryan Broyles","Lions",2012
"55","Peter Konz","Falcons",2012
"56","Mike Adams","Steelers",2012
"57","Brock Osweiler","Broncos",2012
"58","Lavonte David","Buccaneers",2012
"59","Vinny Curry","Eagles",2012
"60","Kelechi Osemele","Ravens",2012
"61","LaMichael James","49ers",2012
"62","Casey Hayward","Packers",2012
"63","Rueben Randle","Giants",2012
"64","Dwayne Allen","Colts",2012
"65","Trumaine Johnson","Rams",2012
"66","Josh Robinson","Vikings",2012
"67","Ronnie Hillman","Broncos",2012
"68","Devier Posey","Texans",2012
"69","T.J. Graham","Bills",2012
"70","Bryan Anger","Jaguars",2012
"71","Josh Leribeus","Redskins",2012
"72","Olivier Vernon","Dolphins",2012
"73","Brandon Taylor","Chargers",2012
"74","Donald Stephenson","Chiefs",2012
"75","Russell Wilson","Seahawks",2012
"76","Brandon Brooks","Texans",2012
"77","Demario Davis","Jets",2012
"78","Michael Egnew","Dolphins",2012
"79","Brandon Hardin","Bears",2012
"80","Jamell Fleming","Cardinals",2012
"81","Tyrone Crawford","Cowboys",2012
"82","Mike Martin","Titans",2012
"83","Mohamed Sanu","Bengals",2012
"84","Bernard Pierce","Ravens",2012
"85","Dwight Bentley","Lions",2012
"86","Sean Spence","Steelers",2012
"87","John Hughes","Browns",2012
"88","Nick Foles","Eagles",2012
"89","Akiem Hicks","Saints",2012
"90","Jake Bequette","Patriots",2012
"91","Lamar Holmes","Falcons",2012
"92","T.Y. Hilton","Colts",2012
"93","Brandon Thompson","Bengals",2012
"94","Jayron Hosley","Giants",2012
"95","Tony Bergstrom","Raiders",2012
"96","Chris Givens","Rams",2012
"97","Lamar Miller","Dolphins",2012
"98","Gino Gradkowski","Ravens",2012
"99","Ben Jones","Texans",2012
"100","Travis Benjamin","Browns",2012
"101","Omar Bolden","Broncos",2012
"102","Kirk Cousins","Redskins",2012
"103","Frank Alexander","Panthers",2012
"104","Joe Adams","Panthers",2012
"105","Nigel Bradham","Bills",2012
"106","Robert Turbin","Seahawks",2012
"107","Devon Wylie","Chiefs",2012
"108","Philip Blake","Broncos",2012
"109","Alameda Ta'amu","Steelers",2012
"110","Ladarius Green","Chargers",2012
"111","Evan Rodriguez","Bears",2012
"112","Bobby Massie","Cardinals",2012
"113","Kyle Wilber","Cowboys",2012
"114","Jaye Howard","Seahawks",2012
"115","Coty Sensabaugh","Titans",2012
"116","Orson Charles","Bengals",2012
"117","Joe Looney","49ers",2012
"118","Jarius Wright","Vikings",2012
"119","Keenan Robinson","Redskins",2012
"120","James-Michael Johnson","Browns",2012
"121","Keshawn Martin","Texans",2012
"122","Nick Toon","Saints",2012
"123","Brandon Boykin","Eagles",2012
"124","Ron Brooks","Bills",2012
"125","Ronnell Lewis","Lions",2012
"126","Jared Crick","Texans",2012
"127","Adrien Robinson","Giants",2012
"128","Rhett Ellison","Vikings",2012
"129","Miles Burris","Raiders",2012
"130","Christian Thompson","Ravens",2012
"131","Brandon Mosley","Giants",2012
"132","Mike Daniels","Packers",2012
"133","Jeron McMillian","Packers",2012
"134","Greg Childs","Vikings",2012
"135","Matt Johnson","Cowboys",2012
"136","Josh Chapman","Colts",2012
"137","Malik Jackson","Broncos",2012
"138","Tahir Whitehead","Lions",2012
"139","Robert Blanton","Vikings",2012
"140","Najee Goode","Buccaneers",2012
"141","Adam Gettis","Redskins",2012
"142","Brandon Marshall","Jaguars",2012
"143","Josh Norman","Panthers",2012
"144","Zebrie Sanders","Bills",2012
"145","Taylor Thompson","Titans",2012
"146","DeQuan Menzie","Chiefs",2012
"147","Tank Carder","Bills",2012
"148","Chris Greenwood","Lions",2012
"149","Johnnie Troutman","Chargers",2012
"150","Rokevious Watkins","Rams",2012
"151","Senio Kelemete","Cardinals",2012
"152","Danny Coale","Cowboys",2012
"153","Dennis Kelly","Eagles",2012
"154","Korey Toomer","Seahawks",2012
"155","Josh Kaddu","Dolphins",2012
"156","Shaun Prater","Bengals",2012
"157","Bradie Ewing","Falcons",2012
"158","Jack Crawford","Raiders",2012
"159","Chris Rainey","Steelers",2012
"160","Ryan Miller","Browns",2012
"161","Randy Bullock","Texans",2012
"162","Corey White","Saints",2012
"163","Terrell Manning","Packers",2012
"164","Jonathan Massaquoi","Falcons",2012
"165","Darius Fleming","49ers",2012
"166","Marvin Jones","Bengals",2012
"167","George Iloka","Bengals",2012
"168","Juron Criner","Raiders",2012
"169","Asa Jackson","Ravens",2012
"170","Vick Ballard","Colts",2012
"171","Greg Zuerlein","Rams",2012
"172","Jeremy Lane","Seahawks",2012
"173","Alfred Morris","Redskins",2012
"174","Keith Tandy","Buccaneers",2012
"175","Blair Walsh","Vikings",2012
"176","Mike Harris","Jaguars",2012
"177","Justin Bethel","Cardinals",2012
"178","Mark Asper","Bills",2012
"179","Andrew Tiller","Saints",2012
"180","Trent Robinson","49ers",2012
"181","Winston Guy","Seahawks",2012
"182","Cyrus Gray","Chiefs",2012
"183","B.J. Cunningham","Dolphins",2012
"184","Isaiah Frey","Bears",2012
"185","Ryan Lindley","Cardinals",2012
"186","James Hanna","Cowboys",2012
"187","Josh Bush","Jets",2012
"188","Danny Trevathan","Broncos",2012
"189","Christo Bilukidi","Raiders",2012
"190","Markelle Martin","Titans",2012
"191","Dan Herron","Bengals",2012
"192","Charles Mitchell","Falcons",2012
"193","Tom Compton","Redskins",2012
"194","Marvin McNutt","Eagles",2012
"195","Nick Mondek","Texans",2012
"196","Jonte Green","Lions",2012
"197","Nate Ebner","Patriots",2012
"198","Tommy Streeter","Ravens",2012
"199","Jason Slowey","49ers",2012
"200","Brandon Washington","Eagles",2012
"201","Matt McCants","Giants",2012
"202","Terrance Ganaway","Jets",2012
"203","Robert T. Griffin","Jets",2012
"204","Emmanuel Acho","Browns",2012
"205","Billy Winn","Browns",2012
"206","LaVon Brazill","Colts",2012
"207","Brad Nortman","Panthers",2012
"208","Justin Anderson","Colts",2012
"209","Aaron Brown","Rams",2012
"210","Audie Cole","Vikings",2012
"211","Scott Solomon","Titans",2012
"212","Michael Smith","Buccaneers",2012
"213","Richard Crawford","Redskins",2012
"214","Tim Fugger","Colts",2012
"215","Kheeston Randall","Dolphins",2012
"216","D.J. Campbell","Panthers",2012
"217","Jordan Bernstine","Redskins",2012
"218","Jerome Long","Chiefs",2012
"219","Trevor Guyton","Vikings",2012
"220","Greg McCoy","Bears",2012
"221","Nate Potter","Cardinals",2012
"222","Caleb McSurdy","Cowboys",2012
"223","Travis Lewis","Lions",2012
"224","Alfonzo Dennard","Patriots",2012
"225","J R Sweezy","Seahawks",2012
"226","David Molk","Chargers",2012
"227","Rishard Matthews","Dolphins",2012
"228","Jeris Pendleton","Jaguars",2012
"229","Bryce Brown","Eagles",2012
"230","Nathan Stupar","Raiders",2012
"231","Toney Clemons","Steelers",2012
"232","Greg Scruggs","Seahawks",2012
"233","Drake Dunsmore","Buccaneers",2012
"234","Marcel Jones","Saints",2012
"235","Jeremy Ebert","Patriots",2012
"236","Deangelo Tyson","Ravens",2012
"237","Cam Johnson","49ers",2012
"238","Junior Hemingway","Chiefs",2012
"239","Markus Kuhn","Giants",2012
"240","David Paulson","Steelers",2012
"241","Andrew Datko","Packers",2012
"242","Antonio Allen","Jets",2012
"243","B.J. Coleman","Packers",2012
"244","Jordan White","Jets",2012
"245","Trevin Wade","Browns",2012
"246","Terrence Frederick","Steelers",2012
"247","Brad Smelley","Browns",2012
"248","Kelvin Beachum","Steelers",2012
"249","Travian Robertson","Falcons",2012
"250","Edwin Baker","Chargers",2012
"251","John Potter","Bills",2012
"252","Daryl Richardson","Rams",2012
"253","Chandler Harnish","Colts",2012
"1","Eric Fisher","Chiefs",2013
"2","Luke Joeckel","Jaguars",2013
"3","Dion Jordan","Dolphins",2013
"4","Lane Johnson","Eagles",2013
"5","Ezekiel Ansah","Lions",2013
"6","Barkevious Mingo","Browns",2013
"7","Jonathan Cooper","Cardinals",2013
"8","Tavon Austin","Rams",2013
"9","Dee Milliner","Jets",2013
"10","Chance Warmack","Titans",2013
"11","D.J. Fluker","Chargers",2013
"12","D.J. Hayden","Raiders",2013
"13","Sheldon Richardson","Jets",2013
"14","Star Lotulelei","Panthers",2013
"15","Kenny Vaccaro","Saints",2013
"16","EJ Manuel","Bills",2013
"17","Jarvis Jones","Steelers",2013
"18","Eric Reid","49ers",2013
"19","Justin Pugh","Giants",2013
"20","Kyle Long","Bears",2013
"21","Tyler Eifert","Bengals",2013
"22","Desmond Trufant","Falcons",2013
"23","Sharrif Floyd","Vikings",2013
"24","Bjoern Werner","Colts",2013
"25","Xavier Rhodes","Vikings",2013
"26","Datone Jones","Packers",2013
"27","DeAndre Hopkins","Texans",2013
"28","Sylvester Williams","Broncos",2013
"29","Cordarrelle Patterson","Vikings",2013
"30","Alec Ogletree","Rams",2013
"31","Travis Frederick","Cowboys",2013
"32","Matt Elam","Ravens",2013
"33","John Cyprien","Jaguars",2013
"34","Justin Hunter","Titans",2013
"35","Zach Ertz","Eagles",2013
"36","Darius Slay","Lions",2013
"37","Giovani Bernard","Bengals",2013
"38","Manti Te'o","Chargers",2013
"39","Geno Smith","Jets",2013
"40","Cornellius Carradine","49ers",2013
"41","Robert Woods","Bills",2013
"42","Menelik Watson","Raiders",2013
"43","Johnthan Banks","Buccaneers",2013
"44","Kawann Short","Panthers",2013
"45","Kevin Minter","Cardinals",2013
"46","Kiko Alonso","Bills",2013
"47","Gavin Escobar","Cowboys",2013
"48","Le'Veon Bell","Steelers",2013
"49","Johnathan Hankins","Giants",2013
"50","Jon Bostic","Bears",2013
"51","David Amerson","Redskins",2013
"52","Jamie Collins","Patriots",2013
"53","Margus Hunt","Bengals",2013
"54","Jamar Taylor","Dolphins",2013
"55","Vance McDonald","49ers",2013
"56","Arthur Brown","Ravens",2013
"57","D.J. Swearinger","Texans",2013
"58","Montee Ball","Broncos",2013
"59","Aaron Dobson","Patriots",2013
"60","Robert Alford","Falcons",2013
"61","Eddie Lacy","Packers",2013
"62","Christine Michael","Seahawks",2013
"63","Travis Kelce","Chiefs",2013
"64","Dwayne Gratz","Jaguars",2013
"65","Larry Warford","Lions",2013
"66","Sio Moore","Raiders",2013
"67","Bennie Logan","Eagles",2013
"68","Leon McFadden","Browns",2013
"69","Tyrann Mathieu","Cardinals",2013
"70","Blidi Wreh-Wilson","Titans",2013
"71","T.J. McDonald","Rams",2013
"72","Brian Winters","Jets",2013
"73","Mike Glennon","Buccaneers",2013
"74","Terrance Williams","Cowboys",2013
"75","Terron Armstead","Saints",2013
"76","Keenan Allen","Chargers",2013
"77","Dallas Thomas","Dolphins",2013
"78","Marquise Goodwin","Bills",2013
"79","Markus Wheaton","Steelers",2013
"80","J.J. Wilcox","Cowboys",2013
"81","Damontre Moore","Giants",2013
"82","John Jenkins","Saints",2013
"83","Logan Ryan","Patriots",2013
"84","Shawn Williams","Bengals",2013
"85","Jordan Reed","Redskins",2013
"86","Hugh Thornton","Colts",2013
"87","Jordan Hill","Seahawks",2013
"88","Corey Lemonier","49ers",2013
"89","Brennan Williams","Texans",2013
"90","Kayvon Webster","Broncos",2013
"91","Duron Harmon","Patriots",2013
"92","Stedman Bailey","Rams",2013
"93","Will Davis","Dolphins",2013
"94","Brandon Williams","Ravens",2013
"95","Sam Montgomery","Texans",2013
"96","Knile Davis","Chiefs",2013
"97","Zaviar Gooden","Titans",2013
"98","Matt Barkley","Eagles",2013
"99","Nico Johnson","Chiefs",2013
"100","Akeem Spence","Buccaneers",2013
"101","Ace Sanders","Jaguars",2013
"102","Josh Boyce","Patriots",2013
"103","Alex Okafor","Cardinals",2013
"104","Jelani Jenkins","Dolphins",2013
"105","Duke Williams","Bills",2013
"106","Dion Sims","Dolphins",2013
"107","Brian Schwenke","Titans",2013
"108","Edmund Kugbila","Panthers",2013
"109","David Bakhtiari","Packers",2013
"110","Ryan Nassib","Giants",2013
"111","Shamarko Thomas","Steelers",2013
"112","Tyler Wilson","Raiders",2013
"113","Barrett Jones","Rams",2013
"114","B.W. Webb","Cowboys",2013
"115","Landry Jones","Steelers",2013
"116","Earl Watford","Cardinals",2013
"117","Khaseem Greene","Bears",2013
"118","Sean Porter","Bengals",2013
"119","Phillip Thomas","Redskins",2013
"120","Gerald Hodges","Vikings",2013
"121","Khaled Holmes","Colts",2013
"122","J.C. Tretter","Packers",2013
"123","Chris Harper","Seahawks",2013
"124","Trevardo Williams","Texans",2013
"125","Johnathan Franklin","Packers",2013
"126","William Gholston","Buccaneers",2013
"127","Malliciah Goodman","Falcons",2013
"128","Quinton Patton","49ers",2013
"129","John Simon","Ravens",2013
"130","Kyle Juszczyk","Ravens",2013
"131","Marcus Lattimore","49ers",2013
"132","Devin Taylor","Lions",2013
"133","Levine Toilolo","Falcons",2013
"134","Sanders Commings","Chiefs",2013
"135","Denard Robinson","Jaguars",2013
"136","Earl Wolff","Eagles",2013
"137","Jesse Williams","Seahawks",2013
"138","Tharold Simon","Seahawks",2013
"139","Montori Hughes","Colts",2013
"140","Stepfan Taylor","Cardinals",2013
"141","Oday Aboushi","Jets",2013
"142","Lavar Edwards","Titans",2013
"143","Jonathan Meeks","Bills",2013
"144","Kenny Stills","Saints",2013
"145","Steve Williams","Chargers",2013
"146","Quanterus Smith","Broncos",2013
"147","Steven Means","Buccaneers",2013
"148","A.J. Klein","Panthers",2013
"149","Brandon McGee","Rams",2013
"150","Terry Hawthorne","Steelers",2013
"151","Joseph Randle","Cowboys",2013
"152","Cooper Taylor","Giants",2013
"153","Stansly Maponga","Falcons",2013
"154","Chris Thompson","Redskins",2013
"155","Jeff Locke","Vikings",2013
"156","Tanner Hawkinson","Bengals",2013
"157","Quinton Dial","49ers",2013
"158","Luke Willson","Seahawks",2013
"159","Micah Hyde","Packers",2013
"160","Zac Stacy","Rams",2013
"161","Tavarres King","Broncos",2013
"162","Brandon Jenkins","Redskins",2013
"163","Jordan Mills","Bears",2013
"164","Mike Gillislee","Dolphins",2013
"165","Sam Martin","Lions",2013
"166","Caleb Sturgis","Dolphins",2013
"167","Josh Boyd","Packers",2013
"168","Ricky Wagner","Ravens",2013
"169","Josh Evans","Jaguars",2013
"170","Eric Kush","Chiefs",2013
"171","Corey Fuller","Lions",2013
"172","Nick Kasa","Raiders",2013
"173","Vinston Painter","Broncos",2013
"174","Ryan Swope","Cardinals",2013
"175","Jamoris Slaughter","Browns",2013
"176","David Quessenberry","Texans",2013
"177","Dustin Hopkins","Bills",2013
"178","William Campbell","Jets",2013
"179","Tourek Williams","Chargers",2013
"180","Nick Moody","49ers",2013
"181","Latavius Murray","Raiders",2013
"182","Kenjon Barner","Panthers",2013
"183","Rufus Johnson","Saints",2013
"184","Mychal Rivera","Raiders",2013
"185","DeVonte Holloman","Cowboys",2013
"186","Justin Brown","Steelers",2013
"187","Andre Ellington","Cardinals",2013
"188","Cornelius Washington","Bears",2013
"189","Mike James","Buccaneers",2013
"190","Rex Burkhead","Bengals",2013
"191","Bacarri Rambo","Redskins",2013
"192","John Boyett","Colts",2013
"193","Nate Palmer","Packers",2013
"194","Spencer Ware","Seahawks",2013
"195","Alan Bonner","Texans",2013
"196","Jeff Baca","Vikings",2013
"197","Cobi Hamilton","Bengals",2013
"198","Chris Jones","Texans",2013
"199","Theo Riddick","Lions",2013
"200","Kapron Lewis-Moore","Ravens",2013
"201","Ryan Griffin","Texans",2013
"202","Khalid Wooten","Titans",2013
"203","Ryan Jensen","Ravens",2013
"204","Braden Wilson","Chiefs",2013
"205","Stacy McGee","Raiders",2013
"206","Vince Williams","Steelers",2013
"207","Mike Catapano","Chiefs",2013
"208","Jeremy Harris","Jaguars",2013
"209","Brice Butler","Raiders",2013
"210","Demetrius McCray","Jaguars",2013
"211","Michael Williams","Lions",2013
"212","Joe Kruger","Eagles",2013
"213","Michael Mauti","Vikings",2013
"214","Travis Bond","Vikings",2013
"215","Tommy Bohanon","Jets",2013
"216","Charles Johnson","Packers",2013
"217","Armonty Bryant","Browns",2013
"218","Jordan Poyer","Eagles",2013
"219","D.C. Jefferson","Cardinals",2013
"220","Ryan Seymour","Seahawks",2013
"221","Brad Sorensen","Chargers",2013
"222","Chris Gragg","Bills",2013
"223","Nick Williams","Steelers",2013
"224","Kevin Dorsey","Packers",2013
"225","Eric Herman","Giants",2013
"226","Michael Buchanan","Patriots",2013
"227","Garrett Gilkey","Browns",2013
"228","Jawan Jamison","Redskins",2013
"229","Everett Dawkins","Vikings",2013
"230","Kerwynn Williams","Colts",2013
"231","Ty Powell","Seahawks",2013
"232","Sam Barrington","Packers",2013
"233","David Bass","Raiders",2013
"234","Zac Dysert","Broncos",2013
"235","Steve Beauharnais","Patriots",2013
"236","Marquess Wilson","Bears",2013
"237","B.J. Daniels","49ers",2013
"238","Aaron Mellette","Ravens",2013
"239","David King","Eagles",2013
"240","Reid Fragel","Bengals",2013
"241","Jared Smith","Seahawks",2013
"242","Michael Bowie","Seahawks",2013
"243","Kemal Ishmael","Falcons",2013
"244","Zeke Motta","Falcons",2013
"245","Brandon Hepburn","Lions",2013
"246","Carter Bykowski","49ers",2013
"247","Marc Anthony","Ravens",2013
"248","Daimion Stafford","Titans",2013
"249","Sean Renfree","Falcons",2013
"250","Don Jones","Dolphins",2013
"251","T.J. Johnson","Bengals",2013
"252","Marcus Cooper","49ers",2013
"253","Michael Cox","Giants",2013
"254","Justice Cunningham","Colts",2013
"1","Jadeveon Clowney","Texans",2014
"2","Greg Robinson","Rams",2014
"3","Blake Bortles","Jaguars",2014
"4","Sammy Watkins","Bills",2014
"5","Khalil Mack","Raiders",2014
"6","Jake Matthews","Falcons",2014
"7","Mike Evans","Buccaneers",2014
"8","Justin Gilbert","Browns",2014
"9","Anthony Barr","Vikings",2014
"10","Eric Ebron","Lions",2014
"11","Taylor Lewan","Titans",2014
"12","Odell Beckham Jr.","Giants",2014
"13","Aaron Donald","Rams",2014
"14","Kyle Fuller","Bears",2014
"15","Ryan Shazier","Steelers",2014
"16","Zack Martin","Cowboys",2014
"17","C.J. Mosley","Ravens",2014
"18","Calvin Pryor","Jets",2014
"19","Ja'Wuan James","Dolphins",2014
"20","Brandin Cooks","Saints",2014
"21","Ha Ha Clinton-Dix","Packers",2014
"22","Johnny Manziel","Browns",2014
"23","Dee Ford","Chiefs",2014
"24","Darqueze Dennard","Bengals",2014
"25","Jason Verrett","Chargers",2014
"26","Marcus Smith","Eagles",2014
"27","Deone Bucannon","Cardinals",2014
"28","Kelvin Benjamin","Panthers",2014
"29","Dominique Easley","Patriots",2014
"30","Jimmie Ward","49ers",2014
"31","Bradley Roby","Broncos",2014
"32","Teddy Bridgewater","Vikings",2014
"33","Xavier Su'a-Filo","Texans",2014
"34","Demarcus Lawrence","Cowboys",2014
"35","Joel Bitonio","Browns",2014
"36","Derek Carr","Raiders",2014
"37","Ra'Shede Hageman","Falcons",2014
"38","Austin Seferian-Jenkins","Buccaneers",2014
"39","Marqise Lee","Jaguars",2014
"40","Kyle Van Noy","Lions",2014
"41","Lamarcus Joyner","Rams",2014
"42","Jordan Matthews","Eagles",2014
"43","Weston Richburg","Giants",2014
"44","Cyrus Kouandjio","Bills",2014
"45","Paul Richardson","Seahawks",2014
"46","Stephon Tuitt","Steelers",2014
"47","Trent Murphy","Redskins",2014
"48","Timmy Jernigan","Ravens",2014
"49","Jace Amaro","Jets",2014
"50","Jeremiah Attaochu","Chargers",2014
"51","Ego Ferguson","Bears",2014
"52","Troy Niklas","Cardinals",2014
"53","Davante Adams","Packers",2014
"54","Bishop Sankey","Titans",2014
"55","Jeremy Hill","Bengals",2014
"56","Cody Latimer","Broncos",2014
"57","Carlos Hyde","49ers",2014
"58","Stanley Jean-Baptiste","Saints",2014
"59","Jack Mewhort","Colts",2014
"60","Kony Ealy","Panthers",2014
"61","Allen Robinson","Jaguars",2014
"62","Jimmy Garoppolo","Patriots",2014
"63","Jarvis Landry","Dolphins",2014
"64","Justin Britt","Seahawks",2014
"65","C.J. Fiedorowicz","Texans",2014
"66","Morgan Moses","Redskins",2014
"67","Billy Turner","Dolphins",2014
"68","Dezmen Southward","Falcons",2014
"69","Charles Sims","Buccaneers",2014
"70","Marcus Martin","49ers",2014
"71","Christian Kirksey","Browns",2014
"72","Scott Crichton","Vikings",2014
"73","Preston Brown","Bills",2014
"74","Jay Bromley","Giants",2014
"75","Tre Mason","Rams",2014
"76","Travis Swanson","Lions",2014
"77","Chris  Borland","49ers",2014
"78","Spencer Long","Redskins",2014
"79","Terrence Brooks","Ravens",2014
"80","Dexter McDougle","Jets",2014
"81","Gabe Jackson","Raiders",2014
"82","Will Sutton","Bears",2014
"83","Louis Nix","Texans",2014
"84","Kareem Martin","Cardinals",2014
"85","Khyri Thornton","Packers",2014
"86","Josh Huff","Eagles",2014
"87","Phillip Gaines","Chiefs",2014
"88","Will Clarke","Bengals",2014
"89","Chris Watt","Chargers",2014
"90","Donte Moncrief","Colts",2014
"91","John Brown","Cardinals",2014
"92","Trai Turner","Panthers",2014
"93","Brandon Linder","Jaguars",2014
"94","Terrance West","Browns",2014
"95","Michael Schofield","Broncos",2014
"96","Jerick McKinnon","Vikings",2014
"97","Dri Archer","Steelers",2014
"98","Richard Rodgers","Packers",2014
"99","Crockett Gillmore","Ravens",2014
"100","Brandon Thomas","49ers",2014
"101","Jaylen Watkins","Eagles",2014
"102","Bashaud Breeland","Redskins",2014
"103","Devonta Freeman","Falcons",2014
"104","Jalen Saunders","Jets",2014
"105","Bryan Stork","Patriots",2014
"106","Bruce Ellington","49ers",2014
"107","Justin Ellis","Raiders",2014
"108","Cassius Marsh","Seahawks",2014
"109","Ross Cockrell","Bills",2014
"110","Mo Alexander","Rams",2014
"111","Russell Bodine","Bengals",2014
"112","DaQuan Jones","Titans",2014
"113","Andre Williams","Giants",2014
"114","Aaron Colvin","Jaguars",2014
"115","Shaq Evans","Jets",2014
"116","Keith McGill","Raiders",2014
"117","Ka'Deem Carey","Bears",2014
"118","Martavis Bryant","Steelers",2014
"119","Anthony Hitchens","Cowboys",2014
"120","Logan Thomas","Cardinals",2014
"121","Carl  Bradford","Packers",2014
"122","Marqueston Huff","Titans",2014
"123","Kevin Norwood","Seahawks",2014
"124","De'Anthony Thomas","Chiefs",2014
"125","Walt Aikens","Dolphins",2014
"126","Khairi Fortt","Saints",2014
"127","Pierre Desir","Browns",2014
"128","Tre  Boston","Panthers",2014
"129","Dontae Johnson","49ers",2014
"130","James White","Patriots",2014
"131","Brock Vereen","Bears",2014
"132","Kevin Pierre-Louis","Seahawks",2014
"133","Nevin Lawson","Lions",2014
"134","Brent Urban","Ravens",2014
"135","Tom Savage","Texans",2014
"136","Larry Webster","Lions",2014
"137","Dakota Dozier","Jets",2014
"138","Lorenzo Taliaferro","Ravens",2014
"139","Prince  Shembo","Falcons",2014
"140","Cameron Fleming","Patriots",2014
"141","Taylor Hart","Eagles",2014
"142","Ryan Grant","Redskins",2014
"143","Kadeem Edwards","Buccaneers",2014
"144","Telvin Smith","Jaguars",2014
"145","David Yankey","Vikings",2014
"146","Devin Street","Cowboys",2014
"147","Ricardo Allen","Falcons",2014
"148","Bene  Benwikere","Panthers",2014
"149","Kevin Pamphile","Buccaneers",2014
"150","Aaron  Lynch","49ers",2014
"151","Avery Williamson","Titans",2014
"152","Nat Berhe","Giants",2014
"153","Cyril Richardson","Bills",2014
"154","Jeremiah George","Jets",2014
"155","Arthur Lynch","Dolphins",2014
"156","Lamin Barrow","Broncos",2014
"157","Shaquille Richardson","Steelers",2014
"158","Caraun Reid","Lions",2014
"159","Chris  Smith","Jaguars",2014
"160","Ed Stinson","Cardinals",2014
"161","Corey Linsley","Packers",2014
"162","Ed Reynolds","Eagles",2014
"163","Aaron  Murray","Chiefs",2014
"164","AJ McCarron","Bengals",2014
"165","Ryan Carrethers","Chargers",2014
"166","Jonathan Newsome","Colts",2014
"167","Vinnie Sunseri","Saints",2014
"168","Marquis Spruill","Falcons",2014
"169","Ronald Powell","Saints",2014
"170","Keith Reaser","49ers",2014
"171","Jordan Tripp","Dolphins",2014
"172","Jimmy Staten","Seahawks",2014
"173","Wesley Johnson","Steelers",2014
"174","Devon Kennard","Giants",2014
"175","John Urschel","Ravens",2014
"176","Jared Abbrederis","Packers",2014
"177","Jeoffrey Pagan","Texans",2014
"178","Zach Mettenberger","Titans",2014
"179","Jon Halapio","Patriots",2014
"180","Kenneth Acker","49ers",2014
"181","Alfred Blue","Texans",2014
"182","Antone Exum","Vikings",2014
"183","David Fales","Bears",2014
"184","Kendall James","Vikings",2014
"185","Robert Herron","Buccaneers",2014
"186","Lache Seastrunk","Redskins",2014
"187","Bennett Jackson","Giants",2014
"188","E.J. Gaines","Rams",2014
"189","T.J.  Jones","Lions",2014
"190","Matt Hazel","Dolphins",2014
"191","Pat O'Donnell","Bears",2014
"192","Jordan Zumwalt","Steelers",2014
"193","Zach Fulton","Chiefs",2014
"194","Keith Wenning","Ravens",2014
"195","Brandon Dixon","Jets",2014
"196","Walt Powell","Cardinals",2014
"197","Demetri Goodson","Packers",2014
"198","Zach Moore","Patriots",2014
"199","Garrett Scott","Seahawks",2014
"200","Laurent Duvernay-Tardif","Chiefs",2014
"201","Marion Grice","Chargers",2014
"202","Tavon Rooks","Saints",2014
"203","Andrew Jackson","Colts",2014
"204","Tyler Gaffney","Panthers",2014
"205","Luke Bowanko","Jaguars",2014
"206","Jemea Thomas","Patriots",2014
"207","Matt Paradis","Broncos",2014
"208","Eric Pinkins","Seahawks",2014
"209","Quincy Enunwa","Jets",2014
"210","IK Enemkpali","Jets",2014
"211","Jay  Prosch","Texans",2014
"212","Marquis Flowers","Bengals",2014
"213","Tajh Boyd","Jets",2014
"214","Garrett Gilbert","Rams",2014
"215","Daniel McCullers","Steelers",2014
"216","Andre Hal","Texans",2014
"217","Ted Bolser","Redskins",2014
"218","Mike Campanaro","Ravens",2014
"219","Travis Carrie","Raiders",2014
"220","Shamar Stephen","Vikings",2014
"221","Randell Johnson","Bills",2014
"222","Storm Johnson","Jaguars",2014
"223","Brandon Watts","Vikings",2014
"224","Beau Allen","Eagles",2014
"225","Jabari Price","Vikings",2014
"226","Mitchell Van Dyk","Rams",2014
"227","Kiero Small","Seahawks",2014
"228","Zach Hocker","Redskins",2014
"229","Nate Freese","Lions",2014
"230","Rob Blanchflower","Steelers",2014
"231","Ben Gardner","Cowboys",2014
"232","Ulrick John","Colts",2014
"233","Trevor Reilly","Jets",2014
"234","Terrence Fede","Dolphins",2014
"235","Shelby Harris","Raiders",2014
"236","Jeff Janis","Packers",2014
"237","Seantrel Henderson","Bills",2014
"238","Will Smith","Cowboys",2014
"239","James Wright","Bengals",2014
"240","Tevin Reese","Chargers",2014
"241","C.B. Bryant","Rams",2014
"242","Corey Nelson","Broncos",2014
"243","Kaleb Ramsey","49ers",2014
"244","Jeremy Gallon","Patriots",2014
"245","Trey Millard","49ers",2014
"246","Charles Leno Jr.","Bears",2014
"247","Jonathan Dowling","Raiders",2014
"248","Ahmad Dixon","Cowboys",2014
"249","Michael Sam","Rams",2014
"250","Demetrius Rhaney","Rams",2014
"251","Ken Bishop","Cowboys",2014
"252","Lavelle Westbrooks","Bengals",2014
"253","Yawin Smallwood","Falcons",2014
"254","Terrance Mitchell","Cowboys",2014
"255","Tyler Starr","Falcons",2014
"256","Lonnie Ballentine","Texans",2014
"1","Jameis Winston","Buccaneers",2015
"2","Marcus Mariota","Titans",2015
"3","Dante Fowler","Jaguars",2015
"4","Amari Cooper","Raiders",2015
"5","Brandon Scherff","Redskins",2015
"6","Leonard Williams","Jets",2015
"7","Kevin White","Bears",2015
"8","Vic Beasley","Falcons",2015
"9","Ereck Flowers","Giants",2015
"10","Todd Gurley","Rams",2015
"11","Trae Waynes","Vikings",2015
"12","Danny Shelton","Browns",2015
"13","Andrus Peat","Saints",2015
"14","DeVante Parker","Dolphins",2015
"15","Melvin Gordon","Chargers",2015
"16","Kevin Johnson","Texans",2015
"17","Arik Armstead","49ers",2015
"18","Marcus Peters","Chiefs",2015
"19","Cameron Erving","Browns",2015
"20","Nelson Agholor","Eagles",2015
"21","Cedric Ogbuehi","Bengals",2015
"22","Bud Dupree","Steelers",2015
"23","Shane Ray","Broncos",2015
"24","D.J. Humphries","Cardinals",2015
"25","Shaq Thompson","Panthers",2015
"26","Breshad Perriman","Ravens",2015
"27","Byron Jones","Cowboys",2015
"28","Laken Tomlinson","Lions",2015
"29","Phillip Dorsett","Colts",2015
"30","Damarious Randall","Packers",2015
"31","Stephone Anthony","Saints",2015
"32","Malcom Brown","Patriots",2015
"33","Landon Collins","Giants",2015
"34","Donovan Smith","Buccaneers",2015
"35","Mario Edwards","Raiders",2015
"36","T.J. Yeldon","Jaguars",2015
"37","Devin Smith","Jets",2015
"38","Preston Smith","Redskins",2015
"39","Eddie Goldman","Bears",2015
"40","Dorial Green-Beckham","Titans",2015
"41","Devin Funchess","Panthers",2015
"42","Jalen Collins","Falcons",2015
"43","Benardrick McKinney","Texans",2015
"44","Hau'oli Kikaha","Saints",2015
"45","Eric Kendricks","Vikings",2015
"46","Jaquiski Tartt","49ers",2015
"47","Eric Rowe","Eagles",2015
"48","Denzel Perryman","Chargers",2015
"49","Mitch Morse","Chiefs",2015
"50","Ronald Darby","Bills",2015
"51","Nate Orchard","Browns",2015
"52","Jordan Phillips","Dolphins",2015
"53","Jake Fisher","Bengals",2015
"54","Ameer Abdullah","Lions",2015
"55","Maxx Williams","Ravens",2015
"56","Senquez Golson","Steelers",2015
"57","Rob Havenstein","Rams",2015
"58","Markus Golden","Cardinals",2015
"59","Ty Sambrailo","Broncos",2015
"60","Randy Gregory","Cowboys",2015
"61","Ali Marpet","Buccaneers",2015
"62","Quinten Rollins","Packers",2015
"63","Frank Clark","Seahawks",2015
"64","Jordan Richards","Patriots",2015
"65","D'Joun Smith","Colts",2015
"66","Jeremiah Poutasi","Titans",2015
"67","A.J. Cann","Jaguars",2015
"68","Clive Walford","Raiders",2015
"69","Tyler Lockett","Seahawks",2015
"70","Jaelen Strong","Texans",2015
"71","Hroniss Grasu","Bears",2015
"72","Jamon Brown","Rams",2015
"73","Tevin Coleman","Falcons",2015
"74","Owamagbe Odighizuwa","Giants",2015
"75","Garrett Grayson","Saints",2015
"76","Chris Conley","Chiefs",2015
"77","Duke Johnson Jr.","Browns",2015
"78","P.J. Williams","Saints",2015
"79","Eli Harold","49ers",2015
"80","Alex Carter","Lions",2015
"81","John Miller","Bills",2015
"82","Lorenzo Mauldin","Jets",2015
"83","Craig Mager","Chargers",2015
"84","Jordan Hicks","Eagles",2015
"85","Tyler Kroft","Bengals",2015
"86","David Johnson","Cardinals",2015
"87","Sammie Coates","Steelers",2015
"88","Danielle Hunter","Vikings",2015
"89","Sean Mannion","Rams",2015
"90","Carl Davis","Ravens",2015
"91","Chaz Green","Cowboys",2015
"92","Jeff Heuerman","Broncos",2015
"93","Henry Anderson","Colts",2015
"94","Ty Montgomery","Packers",2015
"95","Matt Jones","Redskins",2015
"96","Xavier Cooper","Browns",2015
"97","Geneo Grissom","Patriots",2015
"98","Steven Nelson","Chiefs",2015
"99","Paul Dawson","Bengals",2015
"100","Angelo Blackson","Titans",2015
"101","Trey Flowers","Patriots",2015
"102","Daryl Williams","Panthers",2015
"103","Bryce Petty","Jets",2015
"104","James Sample","Jaguars",2015
"105","Jamison Crowder","Redskins",2015
"106","Jeremy Langford","Bears",2015
"107","Justin Hardy","Falcons",2015
"108","Jalston Fowler","Titans",2015
"109","Clayton Geathers","Colts",2015
"110","T.J. Clemmings","Vikings",2015
"111","Tre' Jackson","Patriots",2015
"112","Arie Kouandjio","Redskins",2015
"113","Gabe Wright","Lions",2015
"114","Jamil Douglas","Dolphins",2015
"115","Ibraheim Campbell","Browns",2015
"116","Rodney Gunter","Cardinals",2015
"117","Blake Bell","49ers",2015
"118","Ramik Wilson","Chiefs",2015
"119","Andrew Donnal","Rams",2015
"120","Josh Shaw","Bengals",2015
"121","Doran Grant","Steelers",2015
"122","Za'Darius Smith","Ravens",2015
"123","Vince Mayle","Browns",2015
"124","Kwon Alexander","Buccaneers",2015
"125","Javorius Allen","Ravens",2015
"126","Mike Davis","49ers",2015
"127","Damien Wilson","Cowboys",2015
"128","Jon Feliciano","Raiders",2015
"129","Jake Ryan","Packers",2015
"130","Terry Poole","Seahawks",2015
"131","Shaquille Mason","Patriots",2015
"132","DeAndre Smelter","49ers",2015
"133","Max Garcia","Broncos",2015
"134","Mark Glowinski","Seahawks",2015
"135","Marcus Hardison","Bengals",2015
"136","Tray Walker","Ravens",2015
"137","Grady Jarrett","Falcons",2015
"138","David Cobb","Titans",2015
"139","Rashad Greene","Jaguars",2015
"140","Ben Heeney","Raiders",2015
"141","Martrell Spaight","Redskins",2015
"142","Adrian Amos","Bears",2015
"143","MyCole Pruitt","Vikings",2015
"144","Mykkele Thompson","Giants",2015
"145","Bobby McCain","Dolphins",2015
"146","Stefon Diggs","Vikings",2015
"147","Brett Hundley","Packers",2015
"148","Davis Tull","Saints",2015
"149","Jay Ajayi","Dolphins",2015
"150","Cedric Thompson","Dolphins",2015
"151","David Parry","Colts",2015
"152","Jarvis Harrison","Jets",2015
"153","Kyle Emanuel","Chargers",2015
"154","Tyeler Davison","Saints",2015
"155","Karlos Williams","Bills",2015
"156","Tony Lippett","Dolphins",2015
"157","C.J. Uzomah","Bengals",2015
"158","Shaquille Riddick","Cardinals",2015
"159","J.J. Nelson","Cardinals",2015
"160","Jesse James","Steelers",2015
"161","Neiron Ball","Raiders",2015
"162","Kenny Bell","Buccaneers",2015
"163","Ryan Russell","Cowboys",2015
"164","Lorenzo Doss","Broncos",2015
"165","Bradley Pinion","49ers",2015
"166","Joe Cardona","Patriots",2015
"167","Damian Swann","Saints",2015
"168","Michael Burton","Lions",2015
"169","David Mayo","Panthers",2015
"170","Tye Smith","Seahawks",2015
"171","Nick Boyle","Ravens",2015
"172","D.J. Alexander","Chiefs",2015
"173","James O'Shaughnessy","Chiefs",2015
"174","Cameron Artis-Payne","Panthers",2015
"175","Keith Mumphery","Texans",2015
"176","Robert Myers","Ravens",2015
"177","Deiontrez Mount","Titans",2015
"178","Matthew Wells","Patriots",2015
"179","Max Valles","Raiders",2015
"180","Michael Bennett","Jaguars",2015
"181","Kyshoen Jarrett","Redskins",2015
"182","Tevin Mitchel","Redskins",2015
"183","Tayo Fabuluje","Bears",2015
"184","Kaelin Clay","Buccaneers",2015
"185","Tyrus Thompson","Vikings",2015
"186","Geremy Davis","Giants",2015
"187","Evan Spencer","Redskins",2015
"188","Tony Steward","Bills",2015
"189","Charles Gaines","Browns",2015
"190","Ian Silberman","49ers",2015
"191","JaCorey Shepherd","Eagles",2015
"192","Darius Philon","Chargers",2015
"193","B.J. Dubose","Vikings",2015
"194","Nick O'Leary","Bills",2015
"195","Malcolm Johnson","Browns",2015
"196","Randall Evans","Eagles",2015
"197","Derron Smith","Bengals",2015
"198","Randall Telfer","Browns",2015
"199","Leterrius Walton","Steelers",2015
"200","Quandre Diggs","Lions",2015
"201","Bud Sasser","Rams",2015
"202","A.J. Derby","Patriots",2015
"203","Darius Kilgo","Broncos",2015
"204","Darren Waller","Ravens",2015
"205","Josh Robinson","Colts",2015
"206","Aaron Ripkowski","Packers",2015
"207","Amarlo Herrera","Colts",2015
"208","Andy Gallik","Titans",2015
"209","Obum Gwacham","Seahawks",2015
"210","Christian Ringo","Packers",2015
"211","Reshard Cliett","Texans",2015
"212","Anthony Chickillo","Steelers",2015
"213","Kennard Backman","Packers",2015
"214","Kristjan Sokoli","Seahawks",2015
"215","Cody Wichmann","Rams",2015
"216","Christian Covington","Texans",2015
"217","Rakeem Nunez-Roches","Chiefs",2015
"218","Anthony Morris","Raiders",2015
"219","Hayes Pullard","Browns",2015
"220","Neal Sterling","Jaguars",2015
"221","Andre Debose","Raiders",2015
"222","Austin Reiter","Redskins",2015
"223","Deon Simon","Jets",2015
"224","Bryce Hager","Rams",2015
"225","Jake Rodgers","Falcons",2015
"226","Bobby Hart","Giants",2015
"227","Martin Ifedi","Rams",2015
"228","Austin Shepherd","Vikings",2015
"229","Ben Koyack","Jaguars",2015
"230","Marcus Murphy","Saints",2015
"231","Joey Iosefa","Buccaneers",2015
"232","Edmond Robinson","Vikings",2015
"233","Da'Ron Brown","Chiefs",2015
"234","Dezmin Lewis","Bills",2015
"235","Kenny Hilliard","Texans",2015
"236","Mark Nzeocha","Cowboys",2015
"237","Brian Mihalik","Eagles",2015
"238","Mario Alford","Bengals",2015
"239","Gerod Holliman","Steelers",2015
"240","Corey Robinson","Lions",2015
"241","Ifo Ekpre-Olomu","Browns",2015
"242","Dexter McDonald","Raiders",2015
"243","Laurence Gibson","Cowboys",2015
"244","Trenton Brown","49ers",2015
"245","Tre McBride","Titans",2015
"246","Geoff Swaim","Cowboys",2015
"247","Darryl Roberts","Patriots",2015
"248","Ryan Murphy","Seahawks",2015
"249","Akeem King","Falcons",2015
"250","Trevor Siemian","Broncos",2015
"251","Taurean Nixon","Broncos",2015
"252","Josh Furman","Broncos",2015
"253","Xzavier Dickson","Patriots",2015
"254","Rory 'Busta' Anderson","49ers",2015
"255","Denzell Goode","Colts",2015
"256","Gerald Christian","Cardinals",2015
"1","Jared Goff","Rams",2016
"2","Carson Wentz","Eagles",2016
"3","Joey Bosa","Chargers",2016
"4","Ezekiel Elliott","Cowboys",2016
"5","Jalen Ramsey","Jaguars",2016
"6","Ronnie Stanley","Ravens",2016
"7","DeForest Buckner","49ers",2016
"8","Jack Conklin","Titans",2016
"9","Leonard Floyd","Bears",2016
"10","Eli Apple","Giants",2016
"11","Vernon Hargreaves","Buccaneers",2016
"12","Sheldon Rankins","Saints",2016
"13","Laremy Tunsil","Dolphins",2016
"14","Karl Joseph","Raiders",2016
"15","Corey Coleman","Browns",2016
"16","Taylor Decker","Lions",2016
"17","Keanu Neal","Falcons",2016
"18","Ryan Kelly","Colts",2016
"19","Shaq Lawson","Bills",2016
"20","Darron Lee","Jets",2016
"21","Will Fuller","Texans",2016
"22","Josh Doctson","Redskins",2016
"23","Laquon Treadwell","Vikings",2016
"24","William Jackson III","Bengals",2016
"25","Artie Burns","Steelers",2016
"26","Paxton Lynch","Broncos",2016
"27","Kenny Clark","Packers",2016
"28","Joshua Garnett","49ers",2016
"29","Robert Nkemdiche","Cardinals",2016
"30","Vernon Butler","Panthers",2016
"31","Germain Ifedi","Seahawks",2016
"32","Emmanuel Ogbah","Browns",2016
"33","Kevin Dodd","Titans",2016
"34","Jaylon Smith","Cowboys",2016
"35","Hunter Henry","Chargers",2016
"36","Myles Jack","Jaguars",2016
"37","Chris Jones","Chiefs",2016
"38","Xavien Howard","Dolphins",2016
"39","Noah Spence","Buccaneers",2016
"40","Sterling Shepard","Giants",2016
"41","Reggie Ragland","Bills",2016
"42","Kamalei Correa","Ravens",2016
"43","Austin Johnson","Titans",2016
"44","Jihad Ward","Raiders",2016
"45","Derrick Henry","Titans",2016
"46","A'Shawn Robinson","Lions",2016
"47","Michael Thomas","Saints",2016
"48","Jason Spriggs","Packers",2016
"49","Jarran Reed","Seahawks",2016
"50","Nick Martin","Texans",2016
"51","Christian Hackenberg","Jets",2016
"52","Deion Jones","Falcons",2016
"53","Su'a Cravens","Redskins",2016
"54","Mackensie Alexander","Vikings",2016
"55","Tyler Boyd","Bengals",2016
"56","Cody Whitehair","Bears",2016
"57","T.J. Green","Colts",2016
"58","Sean Davis","Steelers",2016
"59","Roberto Aguayo","Buccaneers",2016
"60","Cyrus Jones","Patriots",2016
"61","Vonn Bell","Saints",2016
"62","James Bradberry","Panthers",2016
"63","Adam Gotsis","Broncos",2016
"64","Kevin Byard","Titans",2016
"65","Carl Nassib","Browns",2016
"66","Max Tuerk","Chargers",2016
"67","Maliek Collins","Cowboys",2016
"68","Will Redmond","49ers",2016
"69","Yannick Ngakoue","Jaguars",2016
"70","Bronson Kaufusi","Ravens",2016
"71","Darian Thompson","Giants",2016
"72","Jonathan Bullard","Bears",2016
"73","Kenyan Drake","Dolphins",2016
"74","KeiVarae Russell","Chiefs",2016
"75","Shilique Calhoun","Raiders",2016
"76","Shon Coleman","Browns",2016
"77","Daryl Worley","Panthers",2016
"78","Joe Thuney","Patriots",2016
"79","Isaac Seumalo","Eagles",2016
"80","Adolphus Washington","Bills",2016
"81","Austin Hooper","Falcons",2016
"82","Le'Raven Clark","Colts",2016
"83","Jordan Jenkins","Jets",2016
"84","Kendall Fuller","Redskins",2016
"85","Braxton Miller","Texans",2016
"86","Leonte Carroo","Dolphins",2016
"87","Nick Vigil","Bengals",2016
"88","Kyler Fackrell","Packers",2016
"89","Javon Hargrave","Steelers",2016
"90","C.J. Prosise","Seahawks",2016
"91","Jacoby Brissett","Patriots",2016
"92","Brandon Williams","Cardinals",2016
"93","Cody Kessler","Browns",2016
"94","Nick Vannett","Seahawks",2016
"95","Graham Glasgow","Lions",2016
"96","Vincent Valentine","Patriots",2016
"97","Rees Odhiambo","Seahawks",2016
"98","Justin Simmons","Broncos",2016
"99","Joe Schobert","Browns",2016
"100","Connor Cook","Raiders",2016
"101","Charles Tapper","Cowboys",2016
"102","Joshua Perry","Chargers",2016
"103","Sheldon Day","Jaguars",2016
"104","Tavon Young","Ravens",2016
"105","Parker Ehinger","Chiefs",2016
"106","Eric Murray","Chiefs",2016
"107","Chris Moore","Ravens",2016
"108","Ryan Smith","Buccaneers",2016
"109","B.J. Goodson","Giants",2016
"110","Tyler Higbee","Rams",2016
"111","Miles Killebrew","Lions",2016
"112","Malcolm Mitchell","Patriots",2016
"113","Nick Kwiatkoski","Bears",2016
"114","Ricardo Louis","Browns",2016
"115","De'Vondre Campbell","Falcons",2016
"116","Hassan Ridgeway","Colts",2016
"117","Pharoh Cooper","Rams",2016
"118","Juston Burris","Jets",2016
"119","Tyler Ervin","Texans",2016
"120","David Onyemata","Saints",2016
"121","Willie Beavers","Vikings",2016
"122","Andrew Billings","Bengals",2016
"123","Jerald Hawkins","Steelers",2016
"124","Deon Bush","Bears",2016
"125","Antonio Morrison","Colts",2016
"126","Demarcus Robinson","Chiefs",2016
"127","Deiondre' Hall","Bears",2016
"128","Evan Boehm","Cardinals",2016
"129","Derrick Kindred","Browns",2016
"130","Alex Lewis","Ravens",2016
"131","Blake Martinez","Packers",2016
"132","Willie Henry","Ravens",2016
"133","Rashard Robinson","49ers",2016
"134","Kenneth Dixon","Ravens",2016
"135","Dak Prescott","Cowboys",2016
"136","Devontae Booker","Broncos",2016
"137","Dean Lowry","Packers",2016
"138","Seth Devalve","Browns",2016
"139","Cardale Jones","Bills",2016
"140","Tajae Sharpe","Titans",2016
"141","Zack Sanchez","Panthers",2016
"142","Ronald Blair","49ers",2016
"143","DeAndre Washington","Raiders",2016
"144","Connor McGovern","Broncos",2016
"145","John Theus","49ers",2016
"146","Matt Judon","Ravens",2016
"147","Quinton Jefferson","Seahawks",2016
"148","Caleb Benenoch","Buccaneers",2016
"149","Paul Perkins","Giants",2016
"150","Jordan Howard","Bears",2016
"151","Joe Dahl","Lions",2016
"152","Matthew Ioannidis","Redskins",2016
"153","Wendell Smallwood","Eagles",2016
"154","Jordan Payton","Browns",2016
"155","Joe Haeg","Colts",2016
"156","Jonathan Williams","Bills",2016
"157","LeShaun Sims","Titans",2016
"158","Brandon Shell","Jets",2016
"159","K.J. Dillon","Texans",2016
"160","Kentrell Brothers","Vikings",2016
"161","Christian Westerman","Bengals",2016
"162","Kevin Hogan","Chiefs",2016
"163","Trevor Davis","Packers",2016
"164","Halapoulivaati Vaitai","Eagles",2016
"165","Tyreek Hill","Chiefs",2016
"166","D.J. Reader","Texans",2016
"167","Marqui Christian","Cardinals",2016
"168","Spencer Drango","Browns",2016
"169","Antwione Williams","Lions",2016
"170","Cole Toner","Cardinals",2016
"171","Alex Collins","Seahawks",2016
"172","Rashard Higgins","Browns",2016
"173","Trey Caldwell","Browns",2016
"174","Fahn Cooper","49ers",2016
"175","Jatavis Brown","Chargers",2016
"176","Andy Janovich","Broncos",2016
"177","Temarrick Hemingway","Rams",2016
"178","D.J. White","Chiefs",2016
"179","Drew Kaser","Chargers",2016
"180","Moritz Boehringer","Vikings",2016
"181","Tyrone Holmes","Jaguars",2016
"182","Keenan Reynolds","Ravens",2016
"183","Devante Bond","Buccaneers",2016
"184","Jerell Adams","Giants",2016
"185","DeAndre Houston-Carson","Bears",2016
"186","Jakeem Grant","Dolphins",2016
"187","Nate Sudfeld","Redskins",2016
"188","David Morgan","Vikings",2016
"189","Anthony Brown","Cowboys",2016
"190","Josh Forrest","Rams",2016
"191","Jake Rudock","Lions",2016
"192","Kolby Listenbee","Bills",2016
"193","Sebastian Tretola","Titans",2016
"194","Cory James","Raiders",2016
"195","Wes Schweitzer","Falcons",2016
"196","Blake Countess","Eagles",2016
"197","Dan Vitale","Buccaneers",2016
"198","Derek Watt","Chargers",2016
"199","Cody Core","Bengals",2016
"200","Kyle Murphy","Packers",2016
"201","Brandon Allen","Jaguars",2016
"202","Anthony Zettel","Lions",2016
"203","Dadi Nicolas","Chiefs",2016
"204","Jordan Lucas","Dolphins",2016
"205","Harlan Miller","Cardinals",2016
"206","Mike Thomas","Rams",2016
"207","Jeff Driskel","49ers",2016
"208","Kamu Grugier-Hill","Patriots",2016
"209","Maurice Canady","Ravens",2016
"210","Jimmy Landes","Lions",2016
"211","Kelvin Taylor","49ers",2016
"212","Kavon Frazier","Cowboys",2016
"213","Aaron Burbridge","49ers",2016
"214","Elandon Roberts","Patriots",2016
"215","Joey Hunt","Seahawks",2016
"216","Darius Jackson","Cowboys",2016
"217","Rico Gathers","Cowboys",2016
"218","Kevon Seymour","Bills",2016
"219","Will Parks","Broncos",2016
"220","Travis Feeney","Steelers",2016
"221","Ted Karras","Patriots",2016
"222","Aaron Wallace","Titans",2016
"223","Brandon Doughty","Dolphins",2016
"224","Donavon Clark","Chargers",2016
"225","Devin Lucien","Patriots",2016
"226","Jonathan Woodard","Jaguars",2016
"227","Stephen Weatherly","Vikings",2016
"228","Riley Dixon","Broncos",2016
"229","DeMarcus Ayers","Steelers",2016
"230","Daniel Braverman","Bears",2016
"231","Thomas Duarte","Dolphins",2016
"232","Steven Daniels","Redskins",2016
"233","Jalen Mills","Eagles",2016
"234","Vadal Alexander","Raiders",2016
"235","Lac Edwards","Jets",2016
"236","Dwayne Washington","Lions",2016
"237","Daniel Lasco","Saints",2016
"238","Devin Fuller","Falcons",2016
"239","Trevor Bates","Colts",2016
"240","Alex McCalister","Eagles",2016
"241","Charone Peake","Jets",2016
"242","Keith Marshall","Redskins",2016
"243","Kenny Lawler","Seahawks",2016
"244","Jayron Kearse","Vikings",2016
"245","Clayton Fejedelem","Bengals",2016
"246","Tyler Matakevich","Steelers",2016
"247","Zac Brooks","Seahawks",2016
"248","Austin Blythe","Colts",2016
"249","Prince Charles Iworah","49ers",2016
"250","Scooby Wright III","Browns",2016
"251","Joe Walker","Eagles",2016
"252","Beau Sandland","Panthers",2016
"253","Kalan Reed","Titans",2016
